smiles,class
Cc1cc(O)cc(C)c1C[C@H](N)C(=O)N1Cc2ccccc2CC1C(=O)N[C@@H](C(=O)N[C@@H](Cc1ccccc1)C(=O)O)[C@@H](C)C1CCCCC1,1
Cc1cc(O)cc(C)c1C[C@H](N)C(=O)N1Cc2ccccc2CC1C(=O)N[C@H](C(=O)N[C@@H](Cc1ccccc1)C(=O)O)[C@@H](C)C1CCCCC1,1
Cc1cc(O)cc(C)c1C[C@H](N)C(=O)N1Cc2ccccc2CC1C(=O)N[C@@H](C(=O)N[C@@H](Cc1ccccc1)C(=O)O)[C@H](C)C1CCCCC1,1
Cc1cc(O)cc(C)c1C[C@H](N)C(=O)N1Cc2ccccc2CC1C(=O)N[C@H](C(=O)N[C@@H](Cc1ccccc1)C(=O)O)[C@H](C)C1CCCCC1,1
Cc1cc(O)cc(C)c1C[C@H](N)C(=O)N1Cc2ccccc2CC1C(=O)N[C@@H](C(=O)N[C@@H](Cc1ccccc1)C(N)=O)[C@@H](C)C1CCCCC1,1
Cc1cc(O)cc(C)c1C[C@H](N)C(=O)N1Cc2ccccc2CC1C(=O)N[C@H](C(=O)N[C@@H](Cc1ccccc1)C(N)=O)[C@@H](C)C1CCCCC1,1
Cc1cc(O)cc(C)c1C[C@H](N)C(=O)N1Cc2ccccc2CC1C(=O)N[C@H](C(=O)N[C@@H](Cc1ccccc1)C(N)=O)[C@H](C)C1CCCCC1,1
Cc1cc(O)cc(C)c1C[C@H](N)C(=O)N1Cc2ccccc2CC1C(=O)N[C@@H](C(=O)N[C@@H](Cc1ccccc1)C(N)=O)[C@H](C)C1CCCCC1,1
C[C@H]1C2Cc3ccc(C(=O)NCCc4ccc(-c5ccccc5)cc4)cc3[C@@]1(C)CCN2CC1CC1,1
C[N+]1(CC2CC2)CC[C@]23c4c5ccc(O)c4O[C@H]2C(=O)CC[C@@]3(O)[C@H]1C5,1
O=C1/C(=C/c2ccccc2)C[C@@]2(O)[C@H]3Cc4ccc(O)c5c4[C@@]2(CCN3CC2CC2)[C@H]1O5,1
COC(=O)/C=C/C(=O)N[C@@H]1CC[C@@]2(O)[C@H]3Cc4ccc(O)c5c4[C@@]2(CCN3CC2CC2)[C@H]1O5,1
CCC12CCN(CC3(O)CC3)C(Cc3ccc(O)cc31)C2(C)C,1
CC[C@]12CCN([C@@H](C2(C)C)Cc2c1cc(O)cc2)CC1(O)CC1,1
COc1ccc2cc(CCNC(=O)c3ccc4c(c3)C3(C)CCN(CC5CC5)C(C4)C3C)ccc2c1,1
O=C(O[C@@]12CCC(=O)[C@@H]3Oc4c(O)ccc5c4[C@@]31CCN(CC1CC1)[C@@H]2C5)c1ccc2ccccc2c1,1
NC(=O)c1ccc2c(c1O)[C@]13CCN(CC4CC4)[C@H](C2)[C@]1(O)CCC(=O)C3,1
C[C@@H](O)[C@H](NC(=O)[C@H]1NC(=O)[C@H]([C@@H](C)O)NC(=O)[C@H](CCCNC(=N)N)NC(=O)[C@@H](Cc2c[nH]c3ccccc23)NC(=O)[C@H](Cc2ccc(O)cc2)NC(=O)[C@@H](NC(=O)[C@H](N)Cc2ccccc2)CSSC1(C)C)C(N)=O,1
C[C@H]1C2Cc3ccc4c(N)ncnc4c3[C@@]1(C)CCN2CC1CC1,1
O=C(O[C@@]12CCC(=O)[C@@H]3Oc4c(O)ccc5c4[C@@]31CCN(CC1CC1)[C@@H]2C5)c1ccc2ccccc2n1,1
O=C(O[C@@]12CCC(=O)[C@@H]3Oc4c(O)ccc5c4[C@@]31CCN(CC1CC1)[C@@H]2C5)c1cccnc1,1
CC(C)(NC(=O)C1=C(O)[C@@H]2Oc3c(O)ccc4c3[C@@]23CCN(CC2CC2)[C@H](C4)[C@]3(O)C1)c1nc(-c2ccccc2)no1,1
CO[C@]12CC[C@@]3(C[C@@H]1C(C)(C)O)[C@H]1Cc4ccc(O)c5c4[C@@]3(CCN1CC1CC1)[C@H]2O5,1
Oc1ccc2c3c1O[C@H]1c4[nH]c5c(c4C[C@@]4(O)[C@@H](C2)N(CC2CC2)CC[C@]314)C[C@@]1(O)[C@H]2Cc3ccc(O)c4c3[C@@]1(CCN2CC1CC1)[C@H]5O4,1
O=C(O[C@@]12CCC(=O)[C@@H]3Oc4c(O)ccc5c4[C@@]31CCN(CC1CC1)[C@@H]2C5)c1ccncc1,1
O=C(O[C@@]12CCC(=O)[C@@H]3Oc4c(O)ccc5c4[C@@]31CCN(CC1CC1)[C@@H]2C5)c1ccccc1,1
NC(=O)c1ccc2c(c1O)[C@]13CCN(CC4CCC4)[C@H](C2)[C@]1(O)CC[C@@H](O)C3,1
O=C(O[C@@]12CCC(=O)[C@@H]3Oc4c(O)ccc5c4[C@@]31CCN(CC1CC1)[C@@H]2C5)c1cc2ccccc2cn1,1
Oc1ccc2c3c1O[C@H]1CCC[C@@]4(O)[C@@H](C2)N(CC2CC2)CC[C@]314,1
COCCN(C(=O)COCc1ccccc1)C1c2ccccc2C=CC1N1CCN(c2ccccc2)CC1,1
C[C@H]1CN(C[C@H](Cc2ccccc2)C(=O)O)CC[C@@]1(C)c1cccc(O)c1,1
C=CCN1CC[C@]23c4c5ccc(O)c4O[C@H]2C(=O)CC[C@@]3(O)[C@H]1C5,1
COC(=O)N1CC[C@]23c4c5ccc(O)c4O[C@H]2[C@@H](O)[C@H](O)C(=O)[C@H]3[C@H]1C5,1
COc1ccc2c3c1O[C@H]1C(=O)CC[C@@]4(NCCCCc5ccc(Cl)cc5)[C@@H](C2)N(CC2CC2)CC[C@]314,1
COCCN(C(=O)c1ccc(Cl)c(Cl)c1)C1c2cc(OC)c(OC)cc2CCC1N(C)C,1
O=C(N[C@@]12CCC(=O)[C@@H]3Oc4c(O)ccc5c4[C@@]31CCN(CC1CC1)[C@@H]2C5)c1ccccc1,1
CC1(C)CN(c2nc3ccccc3n2C2CCN(C3(CO)CCCCCCC3)CC2)CCN1,1
[H][C@]12CN(CCCC3(O)CCCCC3)C[C@@]1([H])[C@]2(CC)C1=CC=CC(NS(C)(=O)=O)=C1,1
O=C1CC[C@@]2(NCCCc3ccc(Cl)cc3)[C@H]3Cc4ccc(O)c5c4[C@@]2(CCN3CC2CC2)[C@H]1O5,1
CC1CN(CCCc2ccccc2)[C@@H]2C[C@H](C[C@]1(C2)c1cccc(O)c1)NC(=O)C1(CCCC1)c1ccccc1,1
[H][C@]12CC3=CC=C(OC)C4=C3[C@]3(CCN1C)[C@@]21CC[C@](OC)([C@@H](CNC/C=C/C2=CC=C(Cl)C=C2)C1)[C@]3([H])O4,1
[H][C@@]12OC3=C(O)C=CC4=C3[C@@]13CCN(CC1CC1)[C@]([H])(C4)[C@]3(OC(=O)/C=C/C1=CC=C(Cl)C=C1)CCC2=O,1
CC(C)C1CCC(N2CCC(N3c4ccccc4CN(CCO)S3(=O)=O)CC2)CC1,1
[H][C@@]12OC3=C(O)C=CC4=C3[C@@]13CCN(CC1CC1)[C@]([H])(C4)[C@]3(OC(=O)/C=C/C1=CC=C(C)C=C1)CCC2=O,1
CC(C)CN1CC[C@@]23c4c5ccc(O)c4OCO[C@]46CC[C@@]2(O[C@H](C(=O)N4Cc2ccccc2)[C@H]63)[C@H]1C5,1
C=CCN1CC[C@@]23[C@@]4([C@H]1Cc1c3c(O[C@H]2/C(=N\N=C/2\CC[C@@]3([C@@]56[C@H]2Oc2c6c(C[C@H]3N(CC5)CC=C)ccc2O)O)/CC4)c(cc1)O)O,1
C[C@@H](O)[C@H](NC(=O)[C@H]1NC(=O)[C@H]([C@@H](C)O)NC(=O)[C@H](CCCNC(=N)N)NC(=O)[C@@H](Cc2c[nH]c3ccccc23)NC(=O)[C@H](Cc2ccc(O)cc2)NC(=O)[C@@H](NC(=O)[C@H]2Cc3ccccc3CN2)CSSC1(C)C)C(N)=O,1
C[C@@H](O)[C@H](NC(=O)[C@H](NC(=O)[C@@H](NC(=O)[C@H](CCCNC(=N)N)NC(=O)[C@H](Cc1c[nH]c2ccccc12)NC(=O)[C@@H](Cc1ccc(O)cc1)NC(=O)[C@H](CS)NC(=O)[C@H](N)Cc1ccccc1)[C@@H](C)O)C(C)(C)S)C(=O)O,1
C[C@H]1C2Cc3cc4nn[nH]c4cc3[C@@]1(C)CCN2CC1CC1,1
O=C(CCc1ccc(Cl)cc1)N[C@@]12CCC(=O)[C@@H]3Oc4c(O)ccc5c4[C@@]31CCN(CC1CC1)[C@@H]2C5,1
COc1ccc2c3c1O[C@H]1C(=O)CC[C@@]4(NC(=O)/C=C/c5ccc(Cl)cc5)[C@@H](C2)N(CC2CC2)CC[C@]314,1
CO[C@@]12CC[C@@]3(C[C@@H]1[C@@](C)(O)C(C)(C)C)[C@H]1Cc4ccc(C(N)=O)c5c4[C@@]3(CCN1CC1CC1)[C@H]2O5,1
Cc1cc(C)cc(c1)[C@@H]1CCCN1Cc1ccc(cc1)Oc1ccc(cc1F)C(=O)N,1
[H][C@]12CC3=CC=C(O)C4=C3[C@]3(CCN1CC1CC1)[C@@]2(NC(=O)C#CC1=CC=C(Cl)C=C1)CCC(=O)[C@]3([H])O4,1
NC(=O)c1cccc([C@@H]2C[C@@H]3CC[C@H](C2)N3CCN(CC2CCCCC2)C(=O)Cc2nnn[nH]2)c1,1
O=C1CCC2=C([C@@H]3Oc4c(O)ccc5c4[C@@]34CCN(CC3CC3)[C@H](C5)[C@]4(O)C2)N1Cc1cccc(Cl)c1,1
NC(=O)c1cccc([C@@H]2C[C@@H]3CC[C@H](C2)N3CCN(CC2CCCC2)C(=O)CO)c1,1
CC(C)C1CCC(N2CCC(N3C(=O)N[C@@H]4CCCC[C@H]43)CC2)CC1,1
NC(=O)c1cccc([C@@H]2C[C@@H]3CC[C@H](C2)N3CCN(CC2CCOCC2)C(=O)CO)c1,1
NC(=O)c1cccc([C@@H]2C[C@@H]3CC[C@H](C2)N3CCN(CC2CCCCC2)C(=O)[C@@H](O)CO)c1,1
[H][C@@]12OC3=C4C(=CC=C3O)C[C@@]3([H])N(CC5CC5)CC[C@]41[C@@]3(O)CC(C(=O)NC1=CC=CC=C1)=C2O,1
[H][C@]12CC3=CC=C(O)C4=C3[C@]3(CCN1CC1CC1)[C@@]2(NC(=O)C#CC1=CC=CC=C1)CCC(=O)[C@]3([H])O4,1
NC(=O)c1cccc([C@@H]2C[C@@H]3CC[C@H](C2)N3CCN(Cc2ccccc2)C(=O)CO)c1,1
C=CCN1CC[C@]23c4c5ccc(O)c4O[C@H]2[C@@H](OCCOCCOCCOCCOCCOCCOCCOC)CC[C@@]3(O)[C@H]1C5,1
C[C@H]1CN(CCCc2ccccc2)[C@@H]2C[C@@H](NC(=O)C3(c4ccccc4)CCCCC3)C[C@@]1(c1cccc(O)c1)C2,1
O=C1N[C@@H]2CCCC[C@H]2N1C1CCN(CC2CCCCCCC2)CC1,1
[H][C@]12CC3=CC=C(O)C4=C3[C@]3(CCN1CC1CC1)[C@@]2(NCC#CC1=CC=C(Cl)C=C1)CCC(=O)[C@]3([H])O4,1
COCCN(C(=O)c1ccco1)C1c2ccccc2C=CC1N1CCN(c2ccccc2)CC1,1
CO[C@]12CC[C@@]3(C[C@@H]1[C@](C)(O)c1cccs1)[C@H]1Cc4ccc(O)c5c4[C@@]3(CCN1CC1CC1)[C@H]2O5,1
CN1CC[C@]2(C)C[C@@H](Cc3ccc(O)cc32)C1,1
O=C(N[C@@]12CCC(=O)[C@@H]3Oc4c(O)ccc5c4[C@@]31CCN(CC1CC1)[C@@H]2C5)c1cccnc1,1
Oc1ccc2c(c1)[C@@]13CCCC[C@@]1(O)[C@@H](C2)N(CC1CC1)CC3,1
C[C@H]1CN(CCCc2ccccc2)[C@@H]2C[C@@H](NC(=O)C3(c4cccc5ccccc45)CCCC3)C[C@@]1(c1cccc(O)c1)C2,1
CO[C@]12CC[C@@]3(C[C@@H]1[C@@](C)(O)C(C)(C)C)[C@H]1Cc4c(Cl)cc(O)c5c4[C@@]3(CCN1CC1CC1)[C@H]2O5,1
C[C@H]1C2Cc3ccc4[nH]nnc4c3[C@@]1(C)CCN2CC1CC1,1
Oc1ccc2c3c1O[C@H]1c4ncc(-c5ccccc5)cc4C[C@@]4(OCCCc5ccncc5)[C@@H](C2)N(CC2CC2)CC[C@]314,1
CC(C)[C@@H](CN1CCC(C2=CSC=C2)CC1)NC(=O)[C@H]1CC2=C(C=C(O)C=C2)CN1,1
CO[C@]12CC[C@@]3(C[C@@H]1[C@@](C)(O)c1ccncc1)[C@H]1Cc4ccc(O)c5c4[C@@]3(CCN1CC1CC1)[C@H]2O5,1
[H][C@]12CC3=CC=C(OC)C4=C3[C@]3(CCN1C)[C@@]21CC[C@](OC)([C@@H](CNC(=O)/C=C/C2=CC=C(C)C=C2)C1)[C@]3([H])O4,1
Cc1ccnc(N(C(=O)c2ccco2)C2CCN(CCc3ccccc3)CC2)c1,1
Cc1cc(O)cc(C)c1C[C@H](N)C(=O)N1Cc2ccccc2C[C@H]1CNC(=O)NC12CC3CC(CC(C3)C1)C2,1
CC(C)C1CCC(N2CCC(N3c4ccccc4CN(CC(=O)OC(C)(C)C)S3(=O)=O)CC2)CC1,1
Cc1cc(O)cc(C)c1C[C@H](N)C(=O)N1Cc2ccccc2C[C@H]1CNCC(C)(C)C,1
NC(=O)C1=CC=C(OC2=CC=C(CCNCC3=CC=CC=C3)C=C2)N=C1,1
CCc1cc(F)c2nc(N3CCC(NC4CCOCC4)CC3)c(-c3nc(C)no3)c(C)c2c1,1
O=C(N[C@@]12CCC(=O)[C@@H]3Oc4c(O)ccc5c4[C@@]31CCN(CC1CC1)[C@@H]2C5)c1ccncc1,1
NC(=O)C1=CN=C(OC2=CC=C(CCNCCCC3=CC=CC=C3)C=C2)C=C1,1
C[C@H]1CN(CCCc2ccccc2)CC[C@@]1(C)c1cccc(O)c1,1
COc1ccc2c3c1O[C@H]1C(=O)CC[C@@]4(NC(=O)CCCc5ccc(Cl)cc5)[C@@H](C2)N(CC2CC2)CC[C@]314,1
CC(C)C1CCC(N2CCC(N3c4ccccc4CN(CCNS(C)(=O)=O)S3(=O)=O)CC2)CC1,1
COC(=O)N(CCN1[C@H]2CC[C@@H]1C[C@H](c1cccc(C(N)=O)c1)C2)CC1CCCCC1,1
CC(=O)OC[C@@H]1Cc2ccccc2CN1C(=O)[C@@H](N)Cc1c(C)cc(O)cc1C,1
Oc1ccc2c3c1O[C@H]1c4ncc(-c5ccc(Cl)cc5)cc4C[C@@]4(OCCOc5ccccc5)[C@@H](C2)N(CC2CC2)CC[C@]314,1
CCC(CC)CN(CCCCN1[C@H]2CC[C@@H]1C[C@H](c1cccc(C(N)=O)c1)C2)C(=O)CO,1
NC(=O)C1=CN=C(OC2=CC=C(CCNCCC3=CC=CC=C3)C=C2)C=C1,1
C[C@H]1CN(CCCc2ccccc2)[C@@H]2C[C@H](C[C@]1(C2)c1cccc(O)c1)NC(=O)C1(CCCC1)c1ccsc1,1
NC(=O)c1cccc([C@@H]2C[C@@H]3CC[C@H](C2)N3CCN(CC2CCCCC2)C(=O)C(F)(F)F)c1,1
NC(=O)c1cccc([C@@H]2C[C@@H]3CC[C@H](C2)N3CCNCC2CCCCC2)c1,1
O=C1CCC2=C([C@@H]3Oc4c(O)ccc5c4[C@@]34CCN(CC3CC3)[C@H](C5)[C@]4(O)C2)N1Cc1ccccc1,1
[H][C@]12CN(CC=C)CC[C@@]1(CCCC1=CC=CC=C1)C1=CC(O)=CC=C1O2,1
NC(=O)c1cccc([C@@H]2C[C@@H]3CC[C@H](C2)N3CCN(CC2CCCCC2)C(=O)CO)c1,1
NCCCC[C@@H](C(=O)N)NC(=O)[C@@H]1CCCN1C(=O)[C@@H](NC(=O)[C@@H]1CNC(=O)C[C@H](NC(=O)[C@H](Cc2ccccc2)NC(=O)CNC(=O)CNC(=O)[C@H](Cc2ccc(cc2)O)NCc2ccccc2)C(=O)N[C@H](C(=O)N[C@H](C(=O)N1)C(CC)C)CCCN=C(N)N)CCCN=C(N)N,1
C[C@H]1CN(C[C@H](Cc2ccccc2)C(=O)NCC(=O)O)CC[C@@]1(C)c1cccc(O)c1,1
C=CCN1CC[C@]23CCCC[C@H]2[C@H]1Cc1ccc(O)cc13,1
CC1(C)CN2C(CS/C(N)=N\[C@H]3CC[C@H](CNC(=O)COCC(=O)NCCCCNC(=O)COCC(=O)N[C@@H]4CC[C@@]5(O)[C@H]6Cc7ccc(O)c8c7[C@@]5(CCN6CC5CC5)[C@H]4O8)CC3)=CSC2=N1,1
O=C(/C=C/c1ccc(Cl)cc1)N[C@@]12CCC(=O)[C@@H]3Oc4c(O)ccc5c4[C@@]31CCN(CC1CC1)[C@@H]2C5,1
CCN1C(=O)N(C2CCN(C3CCC4CCCCC4C3)CC2)[C@@H]2CCCC[C@H]21,1
NC(=O)c1cccc([C@@H]2C[C@@H]3CC[C@H](C2)N3CCN(CC2CCC(F)(F)CC2)C(=O)CO)c1,1
C[C@H]1CN(C[C@H](Cc2ccccc2)C(=O)NCC(=O)O)CC[C@H]1c1cccc(O)c1,1
CC1(C)CN2C(CS\C(NC3CCCCC3)=N\[C@H]3CC[C@H](CNC(=O)COCC(=O)NCCCCNC(=O)COCC(=O)N[C@@H]4CC[C@@]5(O)[C@H]6Cc7ccc(O)c8O[C@@H]4[C@]5(CCN6CC4CC4)c78)CC3)=CSC2=N1,1
O=S1(=O)NCc2ccccc2N1C1CCN(C2CCCCCCC2)CC1,1
CCN1C(=O)N(C2CCN(C3CCCCCCC3)CC2)[C@@H]2CCCC[C@H]21,1
O=C1CCC2=C([C@@H]3Oc4c(O)ccc5c4[C@@]34CCN(CC3CC3)[C@H](C5)[C@]4(O)C2)N1CC1CCCCC1,1
C[C@H]1CN(CC=Cc2ccccc2C)[C@@H]2C[C@H](C[C@]1(C2)c1cccc(O)c1)NC(=O)C(C)(C)c1ccccc1,1
NC(=O)c1ccc(CN2CCC(n3c(=O)[nH]c4ccccc43)CC2)cc1,1
C[C@H](O)CN1CC[C@]23Cc4nc5ccccc5cc4C[C@@]2(O)[C@H]1Cc1ccc(O)cc13,1
COCCN(C(=O)COc1ccc(Cl)cc1)C1c2cc(OC)c(OC)cc2CCC1N(C)C,1
Cc1cc(O)cc(C)c1C[C@H](N)C(=O)N1Cc2ccccc2C[C@H]1COCc1ccccc1,1
CC(C)(C)c1ccc(C(=O)N[C@@H]2CC[C@@]3(O)[C@H]4Cc5ccc(O)c6c5[C@@]3(CCN4CC3CC3)[C@H]2O6)cc1,1
C[C@H]1CN(CCCc2ccccc2)[C@@H]2C[C@@H](NC(=O)C3(c4ccccc4)CCC3)C[C@@]1(c1cccc(O)c1)C2,1
COCCN(C(=O)c1sccc1Cl)C1c2ccccc2C=CC1N1CCN(c2ccccc2)CC1,1
CO[C@]12CC[C@@]3(C[C@@H]1[C@](C)(O)c1ccccc1)[C@H]1Cc4ccc(O)c5c4[C@@]3(CCN1CC1CC1)[C@H]2O5,1
Cc1cc(O)cc(C)c1C[C@@H](C(=O)N1Cc2ccccc2C[C@H]1C(=O)OC1=C2O[C@H]3[C@@H](O)C=C[C@H]4[C@H]5CC(C=C1)C2[C@@]34CCN5C)N(C)C,1
CCC1C(=O)N(C2CCN(C(C)CC(c3ccccc3)c3ccccc3)CC2)c2ccccc21,1
O=S1(=O)NCc2ccccc2N1C1CCN(C2Cc3ccccc3C2)CC1,1
CN1CC[C@]2(C)c3cc(O)ccc3C[C@H]1C2(C)CCC(=O)CCC1CCCC1,1
COc1ccc2c3c1O[C@H]1C(=O)CC[C@@]4(NC(=O)CCc5ccc(Cl)cc5)[C@@H](C2)N(CC2CC2)CC[C@]314,1
CC(=O)N(CCN1[C@H]2CC[C@@H]1C[C@H](c1cccc(C(N)=O)c1)C2)CC1CCCCC1,1
COc1ccc2c3c1O[C@H]1C(=O)CC[C@@]4(NCCCc5ccc(Cl)cc5)[C@@H](C2)N(CC2CC2)CC[C@]314,1
C1CN(CCC1NC2=CC=CC=C2)CCC3=CC=CC=C3,1
NC(=O)c1ccc2c3c1O[C@H]1C(=O)CC[C@@]4(O)[C@@H](C2)N(CC2CC2)CC[C@]314,1
NC(=O)c1cccc([C@@H]2C[C@@H]3CC[C@H](C2)N3CCN(CCCc2ccccc2)C(=O)CO)c1,1
CC(C)C1CCC(N2CCC(N3c4ccccc4NS3(=O)=O)CC2)CC1,1
O=C1CC[C@@]2(NCCCCc3ccc(Cl)cc3)[C@H]3Cc4ccc(O)c5c4[C@@]2(CCN3CC2CC2)[C@H]1O5,1
COc1ccc2c3c1O[C@H]1C(=O)CC[C@@]4(NCC/C=C/c5ccc(Cl)cc5)[C@@H](C2)N(CC2CC2)CC[C@]314,1
O=C1N[C@@H]2CCCC[C@H]2N1C1CCN(C2CCC3CCCCC3C2)CC1,1
COc1ccc2c3c1O[C@H]1C(=O)CC[C@@]4(NC(=O)/C=C/Cc5ccc(Cl)cc5)[C@@H](C2)N(CC2CC2)CC[C@]314,1
O=C1CCC2=C([C@@H]3Oc4c(O)ccc5c4[C@@]34CCN(CC3CC3)[C@H](C5)[C@]4(O)C2)N1Cc1cccc(F)c1,1
[H][C@]12CN(CC3(O)CC4=C(C=CC=C4)C3)C[C@@]1([H])[C@]2(CC)C1=CC=CC(C(N)=O)=C1,1
NC(=O)C1=CC=C(OC2=CC=C(CNCCC3=CC=CC=C3)C=C2)N=C1,1
[H][C@@]12CN(CCC3=CC=CC=C3)[C@]3([H])CCC[C@]1(C3)C1=C(C=CC(O)=C1)O2,1
Oc1ccc2c3c1O[C@H]1c4oc5ccccc5c4C[C@@]4(O)[C@@H](C2)N(CC2CC2)CC[C@]314,1
C[C@H]1C2Cc3ccc(C(N)=O)c(N)c3[C@@]1(C)CCN2CC1CC1,1
NC(=O)c1ccc2c(c1)[C@@]13CCCC[C@@]1(O)[C@@H](C2)N(CC1CCC1)CC3,1
[H][C@]12CN(CC3CC3)CC[C@@]1(CCCC1=CC=CC=C1)C1=CC(O)=CC=C1O2,1
CC(C)NC(=O)N(CCN1[C@H]2CC[C@@H]1C[C@H](c1cccc(C(N)=O)c1)C2)CC1CCCCC1,1
CCC(CC)CN(CCCCCCN1[C@H]2CC[C@@H]1C[C@H](c1cccc(C(N)=O)c1)C2)C(=O)CO,1
COc1ccc2c3c1O[C@H]1C(=O)CC[C@@]4(O)[C@@H](C2)N(CC2CC2)CC[C@]314,1
C[C@H]1C2CC3=CC=C4C(=O)NC=NC4=C3[C@@]1(C)CCN2CC1CC1,1
NC(=O)c1ccc2c(c1O)[C@]13CCN(CC4CC4)[C@H](C2)[C@]1(O)Cc1c([nH]c2ccccc12)C3,1
O=C(CCCc1ccc(Cl)cc1)N[C@@]12CCC(=O)[C@@H]3Oc4c(O)ccc5c4[C@@]31CCN(CC1CC1)[C@@H]2C5,1
Oc1ccc2c(c1)CN[C@H](C2)C(=O)N[C@@H](C(C)C)CN1CCC(CC1)c1cccc(c1)O,1
O=C1N[C@@H]2CCCC[C@H]2N1C1CCN(C2CCCCCCC2)CC1,1
C=CCN1CC[C@@]23[C@@]4([C@H]1Cc1c3c(O[C@H]2/C(=N/NC(=O)c2ccccc2)/CC4)c(cc1)O)O,1
COC(=O)N1CC[C@]23c4c5ccc(O)c4O[C@H]2[C@@H](O)C=C[C@H]3[C@H]1C5,1
Oc1ccc2c3c1OC1C43CCN(C(C2)C4(O)CCC1NC(=O)c1ccncc1F)CC1CC1,1
NC(=O)c1ccc2c3c1O[C@H]1CCC[C@@]4(O)[C@@H](C2)N(CC2CC2)CC[C@]314,1
C[C@H]1CN(CCC(=O)O)CC[C@@]1(C)c1cccc(O)c1,1
CCCC1CCC(N2CCC(N3C(=O)N[C@@H]4CCCC[C@H]43)CC2)CC1,1
CCC(CC)CN(CCN1[C@H]2CC[C@@H]1C[C@H](c1cccc(C(N)=O)c1)C2)C(=O)CO,1
O=C(N[C@@]12CCC(=O)[C@@H]3Oc4c(O)ccc5c4[C@@]31CCN(CC1CC1)[C@@H]2C5)c1ccccn1,1
CCN1C(=O)N(C2CCN(CC3CCCCCCC3)CC2)[C@@H]2CCCC[C@H]21,1
CC(C)CCC(C)N1CCC(N2C(=O)N[C@@H]3CCCC[C@H]32)CC1,1
[H][C@]12CC3=C(C(OCCCC)=CC=C3)C3(CCN1CC1CC1)CC(=O)CC[C@]32OC,1
CC(C)C1CCC(N2CCC(N3c4ccccc4CNS3(=O)=O)CC2)CC1,1
Fc1cc(-c2cccc(-c3nc[nH]n3)c2)cc(F)c1CNC1Cc2ccccc2C1,1
Cc1ccc(/C=C/C(=O)N[C@@]23CCC(=O)[C@@H]4Oc5c(O)ccc6c5[C@@]42CCN(C)[C@@H]3C6)cc1,1
NC(=O)c1ccc2c3c1O[C@H]1[C@@H](O)CC[C@@]4(O)[C@@H](C2)N(CC2CCC2)CC[C@]314,1
CN1CC[C@]23c4c5ccc(OCCN6CCOCC6)c4O[C@H]2[C@@H](O)C=C[C@H]3[C@H]1C5,1
COc1ccc2c3c1O[C@H]1C(=O)CC[C@@]4(NC/C=C/Cc5ccc(Cl)cc5)[C@@H](C2)N(CC2CC2)CC[C@]314,1
O=S1(=O)Nc2ccccc2N1C1CCN(C2CCC3CCCCC3C2)CC1,1
CCC(CC)(C(=O)N[C@@H]1C[C@@H]2C[C@](C1)([C@@H](C)CN2CCCc1ccccc1)c1cccc(O)c1)c1ccccc1,1
CCN1C(=O)N(C2CCN(C3CCC(C(C)C)CC3)CC2)[C@@H]2CCCC[C@H]21,1
CCC1C(=O)N(C2CCN(CCCCc3ccc(-c4ccccc4)cc3)CC2)c2ccccc21,1
Cc1cc(O)cc(C)c1C[C@H](N)C(=O)N1Cc2ccccc2C[C@H]1CO,1
O=C(N[C@@H]1CC[C@@]2(O)[C@H]3Cc4ccc(O)c5c4[C@@]2(CCN3CC2CC2)[C@H]1O5)c1ccc2ccccc2c1,1
NC(=O)c1cccc([C@@H]2C[C@@H]3CC[C@H](C2)N3CCN(CC2CCC2)C(=O)CO)c1,1
O=C(CCCCCCCCC(=O)Oc1ccc2c3c1O[C@H]1[C@H](O)CC[C@@]4(O)[C@@H](C2)N(CC2CCC2)CC[C@]314)Oc1ccc2c(c1)[C@@]13CCCCC1[C@@H](C2)N(CC1CCC1)CC3,1
C=C1CC[C@@]2(O)[C@H]3Cc4ccc(O)c5c4[C@@]2(CCN3CC2CC2)[C@H]1O5,1
O=C1CC[C@@]2(O)[C@H]3Cc4ccc(O)c5c4[C@@]2(CCN3CC2CC2)[C@H]1O5,1
Cc1ccccc1/C=C/CN1C[C@H](C)[C@@]2(c3cccc(O)c3)C[C@H](NC(=O)C3(c4ccccc4)CCCC3)C[C@@H]1C2,1
CS(=O)(=O)N(CCN1[C@H]2CC[C@@H]1C[C@H](c1cccc(C(N)=O)c1)C2)CC1CCCCC1,1
Oc1ccc2c(c1)[C@]13CCN(Cc4ccco4)[C@H](C2)[C@]1(O)Cc1cc2ccccc2nc1C3,1
COCCN(C(=O)Cc1ccc(Cl)cc1)C1c2cc(OC)c(OC)cc2CCC1N(C)C,1
C1CN(CCC1N(C2=CC=CC=C2)C(=O)C3=CC4=C(C=C3)OCO4)CCC5=CC=CC=C5,1
Oc1ccc2c3c1O[C@H]1c4ncc(-c5ccc(Cl)cc5)cc4C[C@@]4(OCCCc5ccncc5)[C@@H](C2)N(CC2CC2)CC[C@]314,1
CO[C@]12CC[C@@]3(C[C@@H]1[C@@](C)(O)c1ccccn1)[C@H]1Cc4ccc(O)c5c4[C@@]3(CCN1CC1CC1)[C@H]2O5,1
O=C(CCC(=O)Oc1ccc2c(c1)[C@@]13CCCC[C@H]1[C@@H](C2)N(CC1CC1)CC3)Oc1ccc2c(c1)[C@@]13CCCC[C@H]1[C@@H](C2)N(CC1CC1)CC3,1
OCC1(N2CCC(n3c(-c4ccc(F)c(Cl)c4)nc4ccccc43)CC2)CCCCC1,1
Cc1cc(O)cc(C)c1C[C@H](N)C(=O)N1Cc2ccccc2C[C@H]1C(=O)NCCN(CCNC(=O)[C@@H]1Cc2ccccc2CN1C(=O)[C@@H](N)Cc1c(C)cc(O)cc1C)CCNC(=O)[C@@H]1Cc2ccccc2CN1C(=O)[C@@H](N)Cc1c(C)cc(O)cc1C,1
Cc1cc(O)cc(C)c1C[C@@H](C(=O)N1Cc2ccccc2C[C@H]1C(=O)NCCC(=O)OC1=C2O[C@H]3[C@@H](O)C=C[C@H]4[C@H]5CC(C=C1)C2[C@@]34CCN5C)N(C)C,1
Cc1cc(O)cc(C)c1C[C@H](N)C(=O)N1Cc2ccccc2C[C@H]1CNC(=O)NC(C)(C)C,1
Oc1ccc2c3c1O[C@H]1c4[nH]c5ccccc5c4C[C@@]4(O)[C@@H](C2)N(CC2CC2)CC[C@]314,1
CO[C@]12CC[C@@]3(C[C@@H]1[C@](C)(O)c1ccsc1)[C@H]1Cc4ccc(O)c5c4[C@@]3(CCN1CC1CC1)[C@H]2O5,1
CCCCCCN(CCN1[C@H]2CC[C@@H]1C[C@H](c1cccc(C(N)=O)c1)C2)C(=O)CO,1
O=C1CC[C@@]2(NC/C=C/Cc3ccc(Cl)cc3)[C@H]3Cc4ccc(O)c5c4[C@@]2(CCN3CC2CC2)[C@H]1O5,1
COC(=O)CN1Cc2ccccc2N(C2CCN(C3CCC(C(C)C)CC3)CC2)S1(=O)=O,1
O=C(O[C@@]12CCC(=O)[C@@H]3Oc4c(O)ccc5c4[C@@]31CCN(CC1CC1)[C@@H]2C5)c1ccccn1,1
COc1ccc2c3c1O[C@H]1C(=O)CC[C@@]4(NC(=O)C/C=C/c5ccc(Cl)cc5)[C@@H](C2)N(CC2CC2)CC[C@]314,1
O=C1CCC2=C([C@@H]3Oc4c(O)ccc5c4[C@@]34CCN(CC3CC3)[C@H](C5)[C@]4(O)C2)N1CCc1ccccc1,1
CC(C)[C@@H](CN1CCC(C2=CC(F)=CC=C2)CC1)NC(=O)[C@H]1CC2=C(C=C(O)C=C2)CN1,1
COCCN(C(=O)Cc1ccc(Cl)cc1)C1c2ccccc2C=CC1N1CCN(c2ccccc2)CC1,1
COCCN(C(=O)Cc1cccc(OC)c1)C1c2ccccc2C=CC1N1CCN(c2ccccc2)CC1,1
O=C(C/C=C/c1ccc(Cl)cc1)N[C@@]12CCC(=O)[C@@H]3Oc4c(O)ccc5c4[C@@]31CCN(CC1CC1)[C@@H]2C5,1
NCCC[C@@H]1NC(=O)[C@H](NC(=O)[C@@H](NC(=O)[C@H](CSSC([C@H](NC(=O)[C@@H](NC1=O)[C@H](O)C)C(=O)N[C@H](C(=O)N)[C@H](O)C)(C)C)NC(=O)[C@@H](Cc1ccccc1)N)Cc1ccc(cc1)O)Cc1c[nH]c2c1cccc2,1
[H][C@]12CN(CC3(O)CC4=C(C=CC=C4)C3)C[C@@]1([H])[C@]2(CC)C1=CC=CC(NS(C)(=O)=O)=C1,1
Oc1ccc2c3c1O[C@H]1c4ncc(-c5ccc(Cl)cc5)cc4C[C@@]4(OCc5ccc6ccccc6n5)[C@@H](C2)N(CC2CC2)CC[C@]314,1
CCN1CC[C@]23Cc4nc5ccccc5cc4C[C@@]2(O)[C@H]1Cc1ccc(O)cc13,1
CCC(CC)CN(CCCN1[C@H]2CC[C@@H]1C[C@H](c1cccc(C(N)=O)c1)C2)C(=O)CO,1
[H][C@]12CC3=CC=C(O)C4=C3[C@]3(CCN1C)[C@@]21CC[C@](OC)([C@@H](CNC(=O)/C=C/C2=CC=C(C)C=C2)C1)[C@]3([H])O4,1
CS(=O)(=O)CC(=O)N(CCN1[C@H]2CC[C@@H]1C[C@H](c1cccc(C(N)=O)c1)C2)CC1CCCCC1,1
Cc1ccc(CCC(=O)N[C@@]23CCC(=O)[C@@H]4Oc5c(O)ccc6c5[C@@]42CCN(C)[C@@H]3C6)cc1,1
C=CCN1CC[C@@]23[C@@H]4[C@H]1Cc1c3c(O[C@H]2[C@H](C=C4)O)c(cc1)O,1
CC(C)(C)C(=O)N(CCN1[C@H]2CC[C@@H]1C[C@H](c1cccc(C(N)=O)c1)C2)CC1CCCCC1,1
NC(=O)c1cccc([C@@H]2C[C@@H]3CC[C@H](C2)N3CCN(CCc2ccccc2)C(=O)CO)c1,1
O=C(N[C@@]12CCC(=O)[C@@H]3Oc4c(O)ccc5c4[C@@]31CCN(CC1CC1)[C@@H]2C5)c1cc2ccccc2cn1,1
C[C@H]1CN(C/C=C/c2ccccc2)[C@@H]2C[C@@H](NC(=O)C(C)(C)c3ccccc3)C[C@@]1(c1cccc(O)c1)C2,1
CCOc1ccc(C(=O)N2CCCC2)cc1CNC(=O)[C@@H](N)Cc1c(C)cc(O)cc1C,1
COC(=O)C1(NC(=O)C2=C(O)[C@@H]3OC4=C(O)C=CC5=C4[C@@]34CCN(CC3CC3)[C@H](C5)[C@]4(O)C2)CC1,1
CN(C)S(=O)(=O)N(CCN1[C@H]2CC[C@@H]1C[C@H](c1cccc(C(N)=O)c1)C2)CC1CCCCC1,1
C=CCN1CC[C@]23c4c5ccc(O)c4O[C@H]2C2=C(CCC(=O)N2CCc2ccccc2)C[C@@]3(O)[C@H]1C5,1
CC(C)[C@@H](CN1CCC(C2=CC=CC=C2)CC1)NC(=O)[C@H]1CC2=C(C=C(O)C=C2)CN1,1
[H][C@@]12OC3=C(O)C=CC4=C3[C@@]13CCN(CC1CC1)[C@]([H])(C4)[C@]3(OC(=O)/C=C/C1=CC=CC=C1)CCC2=O,1
CCC(CC)CN(CCCCCN1[C@H]2CC[C@@H]1C[C@H](c1cccc(C(N)=O)c1)C2)C(=O)CO,1
NC(=O)c1cccc([C@@H]2C[C@@H]3CC[C@H](C2)N3CCN(CC2CCCCC2)C(=O)c2ccco2)c1,1
Cc1ccc(C(=O)N[C@@H]2CC[C@@]3(O)[C@H]4Cc5ccc(O)c6c5[C@@]3(CCN4CC3CC3)[C@H]2O6)cc1,1
C=CCN1CC[C@@]23c4c5ccc(O)c4OCO[C@]46CC[C@@]2(O[C@H](C(=O)N4Cc2ccccc2)[C@H]63)[C@H]1C5,1
O=C1CC[C@@]2(NCC/C=C/c3ccc(Cl)cc3)[C@H]3Cc4ccc(O)c5c4[C@@]2(CCN3CC2CC2)[C@H]1O5,1
Cc1cc(O)cc(C)c1C[C@H](N)[C@@H](O)C/C=C/[C@@H](O)[C@@H](Cc1ccccc1)C(=O)NCCc1ccccc1,0
Cc1cc(O)cc(C)c1C[C@H](N)[C@@H](O)C/C=C/[C@@H](O)[C@H](Cc1ccccc1)C(=O)NCCc1ccccc1,0
Cc1cc(O)cc(C)c1C[C@H](N)[C@H](O)C/C=C/[C@H](O)[C@@H](Cc1ccccc1)C(=O)NCCc1ccccc1,0
Cc1cc(O)cc(C)c1C[C@H](N)[C@@H](O)C/C=C/[C@H](O)[C@@H](Cc1ccccc1)C(=O)NCCc1ccccc1,0
Cc1cc(O)cc(C)c1C[C@H](N)[C@H](O)C/C=C/[C@@H](O)[C@@H](Cc1ccccc1)C(=O)NCCc1ccccc1,0
Cc1cc(O)cc(C)c1C[C@H](N)[C@H](O)C/C=C/[C@@H](O)[C@@H](Cc1ccccc1)C(=O)N[C@@H](Cc1ccccc1)C(N)=O,0
Cc1cc(O)cc(C)c1C[C@H](N)[C@@H](O)C/C=C/[C@@H](O)[C@H](Cc1ccccc1)C(=O)N[C@@H](Cc1ccccc1)C(N)=O,0
Cc1cc(O)cc(C)c1C[C@H](N)[C@H](O)C/C=C/[C@H](O)[C@@H](Cc1ccccc1)C(=O)N[C@@H](Cc1ccccc1)C(N)=O,0
Cc1cc(O)cc(C)c1C[C@H](N)[C@@H](O)C/C=C/[C@H](O)[C@@H](Cc1ccccc1)C(=O)N[C@@H](Cc1ccccc1)C(N)=O,0
Cc1cc(O)cc(C)c1C[C@H](N)[C@@H](O)C/C=C/[C@@H](O)[C@@H](Cc1ccccc1)C(=O)N[C@@H](Cc1ccccc1)C(N)=O,0
CCC[C@@](C)(O)[C@@H]1CC23C=C[C@]1(OC)[C@H]1Oc4c(O)ccc5c4C12CCN(C)C3C5,0
CCC[C@](C)(O)[C@@H]1CC23C=C[C@]1(OC)[C@H]1Oc4c(O)ccc5c4C12CCN(C)C3C5,0
CCC[C@@](C)(O)[C@H]1C[C@@]23C=C[C@]1(OC)[C@@H]1Oc4c(O)ccc5c4[C@@]12CCN(C)[C@@H]3C5,0
C[C@H]1[C@H]2Cc3ccc(C(=O)NCCc4ccc(-c5ccccc5)cc4)cc3[C@]1(C)CCN2CC1CC1,0
CCC(=O)C(CC(C)N(C)C)(c1ccccc1)c1ccccc1,0
CCC(=O)C(C[C@@H](C)N(C)C)(c1ccccc1)c1ccccc1,0
CCC(=O)C(c1ccccc1)(c1ccccc1)C[C@H](N(C)C)C,0
O=C(N[C@H]1CC[C@@]2(O)[C@H]3Cc4ccc(O)c5c4[C@@]2(CCN3CC2CC2)[C@H]1O5)c1ccncc1,0
O=C(N[C@@H]1CC[C@@]2(O)[C@H]3Cc4ccc(O)c5c4[C@@]2(CCN3CC2CC2)[C@H]1O5)c1ccncc1,0
O=C1Cc2c(N1C1CCN(CC1)C1CCC3c4c1cccc4CCC3)cccc2,0
O=C1Cc2ccccc2N1C1CCN([C@H]2CC[C@@H]3CCCc4cccc2c43)CC1,0
O=C1Cc2ccccc2N1C1CCN([C@@H]2CC[C@@H]3CCCc4cccc2c43)CC1,0
O=C(N[C@H]1CC[C@@]2(O)[C@H]3Cc4ccc(O)c5c4[C@@]2(CCN3CC2CC2)[C@H]1O5)c1cnc2ccccc2c1,0
O=C(N[C@@H]1CC[C@@]2(O)[C@H]3Cc4ccc(O)c5c4[C@@]2(CCN3CC2CC2)[C@H]1O5)c1cnc2ccccc2c1,0
COCCNC1c2ccccc2CCC1c1ccsc1,0
COCCN[C@@H]1c2ccccc2CC[C@H]1c1ccsc1,0
CCCC[C@@H](C(=O)N[C@@H](CC(=O)O)C(=O)N[C@@H](Cc1ccccc1)C(N)=O)N(C)C(=O)[C@@H](Cc1c[nH]c2ccccc12)NC(=O)CNC(=O)[C@@H](CCCC)NC(=O)[C@@H](N)Cc1ccc(O)cc1,0
CCCC[C@@H](C(=O)N[C@@H](CC(=O)O)C(=O)N[C@@H](Cc1ccccc1)C(N)=O)N(C)C(=O)[C@H](Cc1c[nH]c2ccccc12)NC(=O)CNC(=O)[C@@H](CCCC)NC(=O)[C@@H](N)Cc1ccc(O)cc1,0
COc1ccc2c(c1)[C@]13CCCC[C@@H]1[C@H](C2)N(C)CC3,0
COc1ccc2c(c1)[C@@]13CCCC[C@H]1[C@@H](C2)N(C)CC3,0
Oc1ccc2c(c1)[C@]1(C)CCN([C@@H](C2)C1C)CC1CC1,0
C[C@H]1[C@H]2Cc3ccc(O)cc3[C@]1(C)CCN2CC1CC1,0
CCCC[C@H](NC(=O)[C@@H](Cc1c[nH]c2ccccc12)NC(=O)CNC(=O)[C@@H](Cc1ccccc1)NC(=O)[C@@H](N)Cc1ccc(O)cc1)C(=O)N[C@@H](CC(=O)O)C(=O)N[C@@H](Cc1ccccc1)C(N)=O,0
CCCC[C@H](NC(=O)[C@H](Cc1c[nH]c2ccccc12)NC(=O)CNC(=O)[C@@H](Cc1ccccc1)NC(=O)[C@@H](N)Cc1ccc(O)cc1)C(=O)N[C@@H](CC(=O)O)C(=O)N[C@@H](Cc1ccccc1)C(N)=O,0
O=C(N[C@H]1CC[C@@]2(O)[C@H]3Cc4ccc(O)c5c4[C@@]2(CCN3CC2CC2)[C@H]1O5)c1c[nH]c2ncccc12,0
O=C(N[C@@H]1CC[C@@]2(O)[C@H]3Cc4ccc(O)c5c4[C@@]2(CCN3CC2CC2)[C@H]1O5)c1c[nH]c2ncccc12,0
O=C(N[C@@H]1CC[C@@]2(O)[C@H]3Cc4ccc(O)c5c4[C@@]2(CCN3CC2CC2)[C@H]1O5)c1c[nH]c2cccnc12,0
O=C(N[C@H]1CC[C@@]2(O)[C@H]3Cc4ccc(O)c5c4[C@@]2(CCN3CC2CC2)[C@H]1O5)c1c[nH]c2cccnc12,0
CCC(=O)N(c1ccccc1)C1CCN(CCc2ccccc2)CC1,0
CCCC[C@H](NC(=O)[C@@H](Cc1c[nH]c2ccccc12)NC(=O)CNC(=O)[C@@H](CCCC)NC(=O)[C@@H](N)Cc1ccc(O)cc1)C(=O)N[C@@H](CC(=O)O)C(=O)N[C@@H](Cc1ccccc1)C(N)=O,0
CCCC[C@H](NC(=O)[C@H](Cc1c[nH]c2ccccc12)NC(=O)CNC(=O)[C@@H](CCCC)NC(=O)[C@@H](N)Cc1ccc(O)cc1)C(=O)N[C@@H](CC(=O)O)C(=O)N[C@@H](Cc1ccccc1)C(N)=O,0
C[C@@H]1[C@@H]2Cc3ccc(C(N)=O)cc3[C@@]1(C)CCN2C[C@H]1CCCO1,0
C[C@@H]1[C@@H]2Cc3ccc(C(N)=O)cc3[C@@]1(C)CCN2C[C@@H]1CCCO1,0
CC1C2Cc3ccc(C(N)=O)cc3C1(C)CCN2CC1CC1,0
C[C@H]1C2Cc3ccc(C(N)=O)cc3[C@@]1(C)CCN2CC1CC1,0
CC(c1ccc(Br)cc1)N1CCC(n2c(=O)[nH]c3ccccc32)CC1,0
C[C@@H](NC(=O)[C@@H](N)Cc1ccc(O)cc1)C(=O)NCC(=O)N[C@@H](Cc1ccccc1)C(=O)NCCC(=O)N(c1ccccc1)C1CCN(CCc2ccccc2)CC1,0
CCC1C(=O)N(C2CCN([C@H]3CC[C@@H]4CCCc5cccc3c54)CC2)c2ccccc21,0
CCC1C(=O)N(C2CCN([C@@H]3CC[C@@H]4CCCc5cccc3c54)CC2)c2ccccc21,0
CN(C)CC1CCCCC1(O)c1cccc(O)c1,0
CN(C)C[C@H]1CCCC[C@]1(O)c1cccc(O)c1,0
COCC(=O)N(c1ccccc1)C1CCN(CCc2ccccc2)CC1,0
O=C(CCCCCCCCC(=O)Oc1ccc2c(c1)[C@@]13CCCCC1[C@@H](C2)N(CC1CCC1)CC3)Oc1ccc2c(c1)[C@]13CCCCC1[C@H](C2)N(CC1CCC1)CC3,0
O=C(CCCCCCCCC(=O)Oc1ccc2c(c1)[C@@]13CCCC[C@H]1[C@@H](C2)N(CC1CCC1)CC3)Oc1ccc2c(c1)[C@@]13CCCC[C@H]1[C@@H](C2)N(CC1CCC1)CC3,0
CCCC[C@H](NC(=O)[C@H](Cc1c[nH]c2ccccc12)NC(=O)CNC(=O)[C@@H](C)NC(=O)[C@@H](N)Cc1ccc(O)cc1)C(=O)N[C@@H](CC(=O)O)C(=O)N[C@@H](Cc1ccccc1)C(N)=O,0
CCCC[C@H](NC(=O)[C@@H](Cc1c[nH]c2ccccc12)NC(=O)CNC(=O)[C@@H](C)NC(=O)[C@@H](N)Cc1ccc(O)cc1)C(=O)N[C@@H](CC(=O)O)C(=O)N[C@@H](Cc1ccccc1)C(N)=O,0
COc1cccc(C2(O)CCCCC2CN(C)C)c1,0
COc1cccc([C@@]2(O)CCCC[C@@H]2CN(C)C)c1,0
CCCC[C@@H](C(=O)N[C@@H](CC(=O)O)C(=O)N[C@@H](Cc1ccccc1)C(N)=O)N(C)C(=O)[C@H](Cc1c[nH]c2ccccc12)NC(=O)CNC(=O)[C@@H](Cc1ccccc1)NC(=O)[C@@H](N)Cc1ccc(O)cc1,0
CCCC[C@@H](C(=O)N[C@@H](CC(=O)O)C(=O)N[C@@H](Cc1ccccc1)C(N)=O)N(C)C(=O)[C@@H](Cc1c[nH]c2ccccc12)NC(=O)CNC(=O)[C@@H](Cc1ccccc1)NC(=O)[C@@H](N)Cc1ccc(O)cc1,0
O=C(N[C@H]1CC[C@@]2(O)[C@H]3Cc4ccc(O)c5c4[C@@]2(CCN3CC2CC2)[C@H]1O5)c1cccnc1,0
O=C(N[C@@H]1CC[C@@]2(O)[C@H]3Cc4ccc(O)c5c4[C@@]2(CCN3CC2CC2)[C@H]1O5)c1cccnc1,0
CC[C@]12CCN(C[C@H](O)c3ccccc3)C[C@H]1Oc1ccc(O)cc12,0
CC[C@]12CCN(C[C@@H](O)c3ccccc3)C[C@H]1Oc1ccc(O)cc12,0
N[C@@H](Cc1ccc(O)cc1)C(=O)N[C@@H]1C/C=C/C[C@H](C(=O)O)NC(=O)[C@H](Cc2ccccc2)NC(=O)CNC1=O,0
N[C@@H](Cc1ccc(O)cc1)C(=O)N[C@@H]1C/C=C\C[C@H](C(=O)O)NC(=O)[C@H](Cc2ccccc2)NC(=O)CNC1=O,0
CCO[C@@H](C)[C@@H]1CC23C=C[C@]1(OC)[C@H]1Oc4c(O)ccc5c4C12CCN(C)C3C5,0
CCO[C@H](C)[C@@H]1C[C@@]23C=C[C@]1(OC)[C@H]1Oc4c(O)ccc5c4C12CCN(C)[C@@H]3C5,0
O=C(N[C@@H]1CC[C@@]2(O)[C@H]3Cc4ccc(O)c5c4[C@@]2(CCN3CC2CC2)[C@H]1O5)c1n[nH]c2ccccc12,0
O=C(N[C@H]1CC[C@@]2(O)[C@H]3Cc4ccc(O)c5c4[C@@]2(CCN3CC2CC2)[C@H]1O5)c1n[nH]c2ccccc12,0
O=C(N[C@H]1CC[C@@]2(O)[C@H]3Cc4ccc(O)c5c4[C@@]2(CCN3CC2CC2)[C@H]1O5)c1ccc2ccccc2n1,0
O=C(N[C@@H]1CC[C@@]2(O)[C@H]3Cc4ccc(O)c5c4[C@@]2(CCN3CC2CC2)[C@H]1O5)c1ccc2ccccc2n1,0
CCCC[C@H](NC(=O)[C@H](CC(=O)O)NC(=O)[C@H](Cc1ccccc1)NN[C@@H](Cc1ccccc1)C(=O)NCC(=O)N[C@H](C)C(=O)N[C@@H](Cc1ccc(O)cc1)C(=O)O)C(=O)N[C@H](Cc1cn(C(=O)OC(C)(C)C)c2ccccc12)C(=O)O,0
CCCC[C@H](NC(=O)[C@H](CC(=O)O)NC(=O)[C@H](Cc1ccccc1)NN[C@@H](Cc1ccccc1)C(=O)NCC(=O)N[C@H](C)C(=O)N[C@@H](Cc1ccc(O)cc1)C(=O)O)C(=O)N[C@@H](Cc1cn(C(=O)OC(C)(C)C)c2ccccc12)C(=O)O,0
CO[C@]12CC[C@@]3(C[C@@H]1[C@H](O)c1ccccc1)[C@H]1Cc4ccc(O)c5c4[C@@]3(CCN1CC1CC1)[C@H]2O5,0
CO[C@]12CC[C@@]3(C[C@@H]1[C@@H](O)c1ccccc1)[C@H]1Cc4ccc(O)c5c4[C@@]3(CCN1CC1CC1)[C@H]2O5,0
CO[C@]12C=C[C@@]3(C[C@H]1[C@H](C)OCc1ccccc1)[C@H]1Cc4ccc(O)c5c4C3(CCN1C)[C@@H]2O5,0
CO[C@]12C=C[C@@]3(C[C@H]1[C@@H](C)OCc1ccccc1)[C@H]1Cc4ccc(O)c5c4C3(CCN1C)[C@@H]2O5,0
O=C(N[C@@H]1CC[C@@]2(O)[C@H]3Cc4ccc(O)c5c4[C@@]2(CCN3CC2CC2)[C@H]1O5)c1ccccn1,0
O=C(N[C@H]1CC[C@@]2(O)[C@H]3Cc4ccc(O)c5c4[C@@]2(CCN3CC2CC2)[C@H]1O5)c1ccccn1,0
CO[C@@H](C)[C@@H]1CC23C=C[C@]1(OC)[C@H]1Oc4c(O)ccc5c4C12CCN(C)C3C5,0
CO[C@H](C)[C@@H]1CC23C=C[C@]1(OC)[C@H]1Oc4c(O)ccc5c4C12CCN(C)C3C5,0
O=C(N[C@@H]1CC[C@@]2(O)[C@H]3Cc4ccc(O)c5c4[C@@]2(CCN3CC2CC2)[C@H]1O5)c1c[nH]c2cnccc12,0
O=C(N[C@H]1CC[C@@]2(O)[C@H]3Cc4ccc(O)c5c4[C@@]2(CCN3CC2CC2)[C@H]1O5)c1c[nH]c2cnccc12,0
O=C(N[C@@H]1CC[C@@]2(O)[C@H]3Cc4ccc(O)c5c4[C@@]2(CCN3CC2CC2)[C@H]1O5)c1c[nH]c2ccncc12,0
O=C(N[C@H]1CC[C@@]2(O)[C@H]3Cc4ccc(O)c5c4[C@@]2(CCN3CC2CC2)[C@H]1O5)c1c[nH]c2ccncc12,0
O=C(N[C@@H]1CC[C@@]2(O)[C@H]3Cc4ccc(O)c5c4[C@@]2(CCN3CC2CC2)[C@H]1O5)c1cc2ccccc2cn1,0
O=C(N[C@H]1CC[C@@]2(O)[C@H]3Cc4ccc(O)c5c4[C@@]2(CCN3CC2CC2)[C@H]1O5)c1cc2ccccc2cn1,0
N[C@@H](Cc1ccc(O)cc1)C(=O)N[C@@H]1C/C=C\C[C@@H](NC(=O)[C@@H](N)Cc2ccc(O)cc2)C(=O)NCC(=O)N[C@@H](Cc2ccccc2)C(=O)NNC(=O)[C@H](Cc2ccccc2)NC(=O)CNC1=O,0
N[C@@H](Cc1ccc(O)cc1)C(=O)N[C@@H]1C/C=C/C[C@@H](NC(=O)[C@@H](N)Cc2ccc(O)cc2)C(=O)NCC(=O)N[C@@H](Cc2ccccc2)C(=O)NNC(=O)[C@H](Cc2ccccc2)NC(=O)CNC1=O,0
CCC(OC(C)=O)C(CC(C)N(C)C)(c1ccccc1)c1ccccc1,0
CC[C@H](OC(C)=O)C(C[C@H](C)N(C)C)(c1ccccc1)c1ccccc1,0
C/C=C/C(=O)N(C1CCN(CC1)CCC2=CC=CC=C2)C3=CC=CC=C3,0
C[C@H]1C2C(=O)c3ccc(O)cc3[C@@]1(C)CCN2CC1CC1,0
C[C@H]1[C@H]2C(=O)c3ccc(O)cc3[C@]1(C)CCN2CC1CC1,0
O=c1[nH]c2cc(Cl)c(Cl)cc2n1[C@H]1CCCN(Cc2ccc(Br)cc2)C1,0
O=c1[nH]c2cc(Cl)c(Cl)cc2n1[C@@H]1CCCN(Cc2ccc(Br)cc2)C1,0
CC(C)C[C@H](NC(=O)[C@@H]1CCCN1C(=O)[C@H](Cc1ccccc1)NC(=O)[C@H](Cc1ccccc1)NC(=O)CNC(=O)[C@@H](C)NC(=O)[C@@H](N)Cc1ccc(O)cc1)C(=O)N[C@@H](Cc1c[nH]c2ccccc12)C(=O)OCc1cc(C(F)(F)F)cc(C(F)(F)F)c1,0
CC(C)C[C@H](NC(=O)[C@@H]1CCCN1C(=O)[C@@H](Cc1ccccc1)NC(=O)[C@H](Cc1ccccc1)NC(=O)CNC(=O)[C@@H](C)NC(=O)[C@@H](N)Cc1ccc(O)cc1)C(=O)N[C@@H](Cc1c[nH]c2ccccc12)C(=O)OCc1cc(C(F)(F)F)cc(C(F)(F)F)c1,0
NC(=O)c1ccc2c(c1O)[C@]13CCN(CC4CCC4)[C@H](C2)[C@]1(O)CC[C@H](O)C3,0
CN1CCC[C@H](c2nc3ccccc3n2C2CCN(C3(C)CCCCCCC3)CC2)C1,0
CN1CCC[C@@H](c2nc3ccccc3n2C2CCN(C3(C)CCCCCCC3)CC2)C1,0
C[C@@H]1CN(CCCc2ccccc2)[C@H]2C[C@H](N)C[C@]1(c1cccc(O)c1)C2,0
C[C@H]1CN(CCCc2ccccc2)[C@@H]2C[C@@H](N)C[C@@]1(c1cccc(O)c1)C2,0
C[C@@H]1[C@@H]2Cc3ccc(O)cc3[C@@]1(C)CCN2C[C@H]1CCCO1,0
C[C@H]1[C@H]2Cc3ccc(O)cc3[C@@]1(C)CCN2C[C@@H]1CCCO1,0
CC(C)=CCN1CC[C@@]2(C)c3cc(O)ccc3C[C@@H]1[C@@H]2C,0
C1CN(CCC1N(C2=CC=CC=C2)C(=O)C3=CC=CC=C3)CCC4=CC=CC=C4,0
CCCC[C@@H](C(=O)N[C@@H](CC(=O)O)C(=O)N[C@@H](Cc1ccccc1)C(N)=O)N(C)C(=O)[C@@H](Cc1c[nH]c2ccccc12)NC(=O)CNC(=O)[C@@H](C)NC(=O)[C@@H](N)Cc1ccc(O)cc1,0
CCCC[C@@H](C(=O)N[C@@H](CC(=O)O)C(=O)N[C@@H](Cc1ccccc1)C(N)=O)N(C)C(=O)[C@H](Cc1c[nH]c2ccccc12)NC(=O)CNC(=O)[C@@H](C)NC(=O)[C@@H](N)Cc1ccc(O)cc1,0
CC(=O)N(C1CCN(CC1)CCC2=CC=CC=C2)C3=CC=CC=C3,0
O=c1[nH]c2cc(Cl)c(Cl)cc2n1[C@@H]1CCN(Cc2ccc(Br)cc2)C1,0
O=c1[nH]c2cc(Cl)c(Cl)cc2n1[C@H]1CCN(Cc2ccc(Br)cc2)C1,0
Fc1ccc2c(c1)c1CCOC3(c1[nH]2)CCC(CC3)(N(C)C)c1ccccc1,0
CN(C)[C@]1(c2ccccc2)CC[C@]2(CC1)OCCc1c3cc(F)ccc3[nH]c12,0
CC1(N2CCC(n3c([C@@H]4CCCNC4)nc4ccccc43)CC2)CCCCCCC1,0
CC1(N2CCC(n3c([C@H]4CCCNC4)nc4ccccc43)CC2)CCCCCCC1,0
CN1CC[C@]23c4c5ccc(O)c4O[C@H]2c2ncc(-c4ccc(Cl)cc4)cc2C[C@@]3(OCCCc2ccccc2)[C@H]1C5,0
Oc1ccc2c(c1)[C@]1(CCc3ccccc3)CCN(CCc3ccccc3)C[C@@H]1O2,0
CCN(C(=O)c1ccc(cc1)C1=CC2(CCNCC2)Oc2c1c(O)ccc2)CC,0
CNC(=O)COCC(=O)NCCCCNC(=O)COCC(=O)N[C@@H]1CC[C@@]2(O)[C@H]3Cc4ccc(O)c5c4[C@@]2(CCN3CC2CC2)[C@H]1O5,0
CN1CCC(C(=O)N[C@@H]2CC[C@@]3(O)[C@H]4Cc5ccc(O)c6c5[C@@]3(CCN4CC3CC3)[C@H]2O6)CC1,0
CCC(=O)N(Cc1ccccc1)C1(C(=O)Nc2ccc(OC)cc2)CCN(CCc2ccccc2)CC1,0
CO[C@]12C=CC3(CC14CCC(C)(C)[C@H]4O)C1Cc4ccc(O)c5c4C3(CCN1C)[C@@H]2O5,0
N#CC(CCN1CCC(C(N)=O)(N2CCCCC2)CC1)(c1ccccc1)c1ccccc1,0
CC1C2C(=O)c3ccc(C(N)=O)cc3C1(C)CCN2CC1CC1,0
O=c1[nH]c2cc(Cl)c(Cl)cc2n1C1CCCN(Cc2ccc(Br)cc2)CC1,0
Cc1ccc(-c2cnc3c(c2)C[C@@]2(OCCCc4ccccc4)[C@H]4Cc5ccc(O)c6c5[C@@]2(CCN4CC2CC2)[C@H]3O6)cc1,0
O=C(c1ccco1)N(c1cnccn1)C1CCN(CCc2ccccc2)CC1,0
CC[C@@](O)(c1ccccc1)[C@H]1C[C@@]23C=C[C@]1(OC)[C@@H]1Oc4c(O)ccc5c4[C@@]12CCN(CC1CC1)[C@@H]3C5,0
c1cc2c(cc1CNc1ccc3c(c1)[C@@]14CCCC[C@H]1[C@@H](C3)N(CC1CCC1)CC4)OCO2,0
Oc1ccc2c3c1O[C@H]1c4ncc(-n5cccc5)cc4C[C@@]4(OCCCc5ccccc5)[C@@H](C2)N(CC2CC2)CC[C@]314,0
Oc1cc(C)c(c(c1)C)C[C@@H](C(=O)N1Cc2ccccc2C[C@H]1C(=O)N[C@H](c1[nH]c2c(n1)cccc2)CC(=O)O)N,0
O=C(CCCCCCCCCCC(=O)Oc1ccc2c(c1)[C@@]13CCCC[C@H]1[C@@H](C2)N(CC1CCC1)CC3)Oc1ccc2c(c1)[C@@]13CCCC[C@H]1[C@@H](C2)N(CC1CCC1)CC3,0
O=C(NCc1ccccc1)CNC(=O)[C@@H]1Cc2ccccc2CN1C(=O)[C@H](Cc1c(C)cc(cc1C)O)N,0
CO[C@]12C=CC3(CC14CCC(C)(C)[C@H]4O)C1Cc4ccc(O)c5c4C3(CCN1CC1CC1)[C@@H]2O5,0
Oc1ccc2c3c1O[C@H]1c4ncc(-c5cn[nH]c5)cc4C[C@@]4(OCCCc5ccccc5)[C@@H](C2)N(CC2CC2)CC[C@]314,0
Oc1ccc2c3c1O[C@H]1c4ncc(-c5ccc(Cl)cc5)cc4C[C@@]4(OCCCc5ccccc5)[C@@H](C2)N(CC2CC2)CC[C@]314,0
CCOc1ccc(C(C)N2CCC(n3c(=O)[nH]c4ccccc43)CC2)cc1,0
COc1cc(-c2cnc3c(c2)C[C@@]2(OCCCc4ccccc4)[C@H]4Cc5ccc(O)c6c5[C@@]2(CCN4CC2CC2)[C@H]3O6)ccn1,0
Cc1cc(O)cc(C)c1C[C@H](N)C(=O)N[C@H](CCCNC(=N)N)C(=O)N[C@H]1Cc2ccccc2CN(CCC(=O)N[C@@H](CCCNC(=N)N)C(=O)N[C@@H](CCCNC(=N)N)C(=O)N2CCC[C@H]2C(=O)N2Cc3ccc(O)cc3C[C@H]2C(=O)N[C@H](C(=O)N[C@@H](CC(C)C)C(=O)O)C(C)(C)C)C1=O,0
CCC(=O)N(c1ccccc1)C1(C(=O)NCc2ccccc2)CCN(CCc2ccccc2)CC1,0
CCC(=O)N(Cc1ccncc1)C1(C(=O)NCCc2cccc(F)c2)CCN(CCc2ccccc2)CC1,0
COC(=O)[C@@H]1C[C@H](OC(=O)c2ccc(OC)cc2)C(=O)[C@H]2[C@@]1(C)CC[C@H]1C(=O)O[C@H](c3ccoc3)C[C@]21C,0
CC[C@@]12CCN(CC3CC3)C(C(=O)c3ccc(O)cc31)[C@@H]2C,0
COc1ccc(CNc2ccc3c(c2)[C@@]24CCCC[C@H]2[C@@H](C3)N(CC2CCC2)CC4)cc1,0
Oc1ccc2c(c1)[C@]1(CCCCc3ccccc3)CCN(CCc3ccc(F)cc3)C[C@@H]1O2,0
O=C(NCc1ccccc1)C1=N[C@@]23CC[C@]1(O)C1Oc4c(O)ccc5c4C12CCN(CC1CC1)C3C5,0
Oc1cccc([C@]23CCC[C@H]([C@H]2O)N(CCc2ccccc2)CC3)c1,0
Oc1ccc2c(c1)[C@]13CCN(CC4CCC4)[C@H](C2)[C@@H]1Cc1c([nH]c2ccccc12)C3,0
CN(C)c1ccc(-c2cnc3c(c2)C[C@@]2(OCCCc4ccccc4)[C@H]4Cc5ccc(O)c6c5[C@@]2(CCN4CC2CC2)[C@H]3O6)cc1,0
N#Cc1ccc(CN2CCC(n3c(=O)[nH]c4ccccc43)CC2)cc1,0
O=C(CCCCCCCCC(=O)Oc1ccc2c(c1)[C@@]13CCCCC1[C@@H](C2)N(CC1CC1)CC3)Oc1ccc2c(c1)[C@@]13CCCCC1[C@@H](C2)N(CC1CCC1)CC3,0
CN1c2ccccc2C(NCCCCCCC(=O)O)c2ccc(Cl)cc2S1(=O)=O,0
CCOC(=O)C1(c2ccccc2)CCN(C)CC1,0
O=C(NCCc1ccccc1)C1=N[C@@]23CC[C@]1(O)C1Oc4c(O)ccc5c4C12CCN(CC1CC1)C3C5,0
C=CCN1CC[C@]23c4c5ccc(OC(=O)CCCCCCCCC(=O)Oc6ccc7c(c6)[C@@]68CCCC[C@@]6(O)[C@@H](C7)N(CC6CCC6)CC8)c4O[C@H]2C(=O)CC[C@@]3(O)[C@H]1C5,0
CO[C@@]12CCCC[C@@]13CCN(CC1CCC1)[C@@H]2Cc1ccc(OC(=O)CCCCCCCCC(=O)Oc2ccc4c(c2)[C@@]25CCCC[C@@]2(OC)[C@@H](C4)N(CC2CCC2)CC5)cc13,0
Cc1cccc(-c2cnc3c(c2)C[C@@]2(OCCCc4ccccc4)[C@H]4Cc5ccc(O)c6c5[C@@]2(CCN4CC2CC2)[C@H]3O6)c1,0
OC[C@H](C(=O)NCC(=O)N[C@H](C(=O)N[C@H](C(=O)N[C@H](C(=O)O)[C@H](O)C)CC(C)C)Cc1ccccc1)NC(=O)[C@H](Cc1ccc(cc1)O)N,0
OCC1(N2CCC(n3c(-c4ccc(Cl)cc4)nc4ccccc43)CC2)CCCCCCC1,0
CCOc1ccc(CNCc2ccccc2)cc1CNC(=O)[C@@H](N)Cc1c(C)cc(O)cc1C,0
CN1CC[C@]23c4c5ccc(O)c4O[C@H]2c2ncc(-c4ccc(Cl)cc4)cc2C[C@@]3(OC(=O)Cc2ccccc2)[C@H]1C5,0
Oc1ccc(CNc2ccc3c(c2)[C@@]24CCCC[C@H]2[C@@H](C3)N(CC2CCC2)CC4)cc1,0
CC(C)C[C@H](NC(=O)[C@H](Cc1ccccc1)NC(=O)CNC(=O)[C@@H](C)NC(=O)[C@@H](N)Cc1ccc(O)cc1)C(=O)NCC(=O)N(c1ccccc1)C1CCN(CCc2ccccc2)CC1,0
CN1CC[C@]23c4c5ccc(O)c4O[C@H]2c2ncc(-c4ccc(Cl)cc4)cc2C[C@@]3(OC(=O)CCc2ccccc2)[C@H]1C5,0
O=[N+]([O-])c1cccc(CNc2ccc3c(c2)[C@@]24CCCC[C@H]2[C@@H](C3)N(CC2CCC2)CC4)c1,0
CCOc1ccc(CN2CCCCC2)cc1CNC(=O)[C@@H](N)Cc1c(C)cc(O)cc1C,0
CNc1nc2cc3c(cc2s1)C[C@@H]1[C@@H]2CCCC[C@]32CCN1CCCF,0
O=C(N[C@@H]1CC[C@@]2(O)[C@H]3Cc4ccc(O)c5c4[C@@]2(CCN3CC2CC2)[C@H]1O5)c1ccnc(Br)c1,0
Oc1ccc2c(c1)[C@]13CCN(CC4CC4)C[C@@]1(C2)Cc1cc2ccccc2nc1C3,0
Cc1ccc2c(c1)[nH]c(=O)n2C1CCN(Cc2ccccc2Cl)CC1,0
C[C@H]1C2Cc3ccc(C(=O)NCCc4ccc(Br)cc4)cc3[C@@]1(C)CCN2CC1CC1,0
CCOc1ccc(Cc2ccccc2)cc1CNC(=O)[C@@H](N)Cc1c(C)cc(O)cc1C,0
C1CN(CCC1N(C2=CC=CC=C2)C(=O)C3=CC=CS3)CCC4=CC=CC=C4,0
CCCCCCN1CCC(C(=O)N(C)CC)(c2ccccc2)CC1,0
CCC(=O)N(c1ccccc1)C1(C(=O)NC2CCCCCC2)CCN(CCc2ccccc2)CC1,0
Oc1ccc2c3c1O[C@H]1c4ncc(-c5ccc(F)cc5)cc4C[C@@]4(OCCCc5ccccc5)[C@@H](C2)N(CC2CC2)CC[C@]314,0
Cc1cc(O)cc(C)c1C[C@H](N)C(=O)N[C@H](CCCNC(=N)N)C(=O)N[C@H]1Cc2ccccc2CN(CCC(=O)N[C@@H](CCCCN)C(=O)N[C@@H](CCCCN)C(=O)N2CCC[C@H]2C(=O)N2Cc3ccc(O)cc3C[C@H]2C(=O)N[C@H](C(=O)N[C@@H](CC(C)C)C(=O)O)C(C)(C)C)C1=O,0
CC(C)C[C@H](NC(=O)[C@@H]1CCCN1C(=O)[C@H](Cc1ccccc1)NC(=O)CNC(=O)[C@@H](C)NC(=O)[C@@H](N)Cc1ccc(O)cc1)C(=O)N[C@@H](Cc1c[nH]c2ccccc12)C(=O)OCc1ccccc1,0
CCCC[C@H](NC(=O)[C@H](Cc1ccccc1)NC(=O)CNC(=O)[C@@H](C)NC(=O)[C@@H](N)Cc1ccc(O)cc1)C(=O)N1CCC[C@H]1C(=O)N[C@@H](CC(C)C)C(=O)N[C@@H](Cc1c[nH]c2ccccc12)C(=O)OCc1cc(C(F)(F)F)cc(C(F)(F)F)c1,0
Oc1cccc(CNc2ccc3c(c2)[C@@]24CCCC[C@H]2[C@@H](C3)N(CC2CC2)CC4)c1,0
C1CC1C(=O)N(C2CCN(CC2)CCC3=CC=CC=C3)C4=CC=CC=C4,0
N[C@@H](Cc1ccc(O)cc1)C(=O)N[C@@H]1CSSC[C@@H](NC(=O)[C@@H](N)Cc2ccc(O)cc2)C(=O)NCC(=O)N[C@@H](Cc2ccc(F)cc2)C(=O)N2CCN(CC2)C(=O)[C@H](Cc2ccc(F)cc2)NC(=O)CNC1=O,0
Cc1nc2cc3c(cc2[nH]1)[C@@]1(C)CCN(CC2CC2)C(C3)[C@@H]1C,0
CN1CCN(c2nc3ccccc3n2C2CCN(C3(CO)CCCCCCC3)CC2)CC1,0
CN1CC[C@]23c4c5ccc(O)c4O[C@H]2[C@]2(CC[C@@]3(O)[C@H]1C5)O[C@H]1N3[C@H](OC1(C)C)C(C)(C)O[C@@H]32,0
CC1(N2CCC(n3c(-c4ccc(F)c(Cl)c4)nc4ccccc43)CC2)CCCCCCC1,0
CO[C@@]12Cc3cc(-c4ccc(Cl)cc4)cnc3[C@@H]3Oc4c(O)ccc5c4[C@@]31CCN(C)[C@@H]2C5,0
CN(C)c1nc2cc3c(cc2s1)C[C@@H]1[C@@H]2CCCC[C@]32CCN1CC1CC1,0
COc1cccc(-c2cnc3c(c2)C[C@@]2(OCCCc4ccccc4)[C@H]4Cc5ccc(O)c6c5[C@@]2(CCN4CC2CC2)[C@H]3O6)c1,0
O=C(N[C@@H]1CC[C@@]2(O)[C@H]3Cc4ccc(O)c5c4[C@@]2(CCN3CC2CC2)[C@H]1O5)c1ccncc1Br,0
CCCC1CCC(N2CCC(N3c4ccccc4CNS3(=O)=O)CC2)CC1,0
N[C@@H](Cc1ccc(O)cc1)C(=O)N[C@@H]1CSCc2ccccc2CSC[C@@H](NC(=O)[C@@H](N)Cc2ccc(O)cc2)C(=O)NCC(=O)N[C@@H](Cc2ccc(F)cc2)C(=O)N2CCN(CC2)C(=O)[C@H](Cc2ccc(F)cc2)NC(=O)CNC1=O,0
O=C(N[C@@]12CCC(=O)[C@@H]3Oc4c(O)ccc5c4[C@@]31CCN(CC1CC1)[C@@H]2C5)c1cnc2ccccc2c1,0
CC1C2Cc3ccc(C(N)=O)cc3C1(C)CCN2C,0
NC(=O)Nc1ccc2c(c1)[C@@]13CCCC[C@H]1[C@@H](C2)N(CC1CCC1)CC3,0
Oc1ccc2c3c1O[C@H]1c4ncc(-c5ccccc5)cc4C[C@@]4(OCCCC5CCCCC5)[C@@H](C2)N(CC2CC2)CC[C@]314,0
C[C@@H](NC(=O)[C@@H](N)Cc1ccc(O)cc1)C(=O)NCC(=O)N(C)[C@@H](Cc1ccccc1)C(=O)NCCO,0
Cc1cc(Cl)ccc1CN1CCC(n2c(=O)[nH]c3ccccc32)CC1,0
COC1=CC=C2[C@H]3Cc4ccc(OC)c5c4[C@@]2(CCN3C)[C@H]1O5,0
CCC(=O)N(c1ccccc1)C1CCN(C(C)Cc2cccs2)CC1,0
Oc1ccc(cc1)C[C@@H](C(=O)N1CCC[C@H]1C(=O)N([C@H](C(=O)N1CCC[C@@H]1C(=O)N)Cc1ccccc1)C)N,0
C1CC1CN2CCC34C5C(=O)CCC3(C2CC6=C4C(=CC=C6)O5)OCCCC7=CC=CC=C7,0
Oc1ccc2c3c1O[C@H]1c4ncc(-c5ccccc5)cc4C[C@@]4(OCCCCc5ccccc5)[C@@H](C2)N(CC2CC2)CC[C@]314,0
Oc1ccc2c3c1O[C@H]1c4ncc(-c5ccncn5)cc4C[C@@]4(OCCCc5ccccc5)[C@@H](C2)N(CC2CC2)CC[C@]314,0
CN1CC[C@]23Cc4c(c5ccccc5n4C)C[C@]2(Cc2ccc(O)cc23)C1,0
CC(C)C[C@H](NC(=O)[C@@H]1CCCN1C(=O)[C@H](Cc1ccccc1)NC(=O)CNC(=O)[C@@H](C)NC(=O)[C@@H](N)Cc1ccc(O)cc1)C(=O)N[C@@H](Cc1c[nH]c2ccccc12)C(=O)N(C)Cc1ccccc1,0
O=C(/C=C/C(=O)Oc1ccc2c(c1)[C@@]13CCCC[C@H]1[C@@H](C2)N(CC1CCC1)CC3)Oc1ccc2c(c1)[C@@]13CCCC[C@H]1[C@@H](C2)N(CC1CCC1)CC3,0
CC[C@@H](NC(=O)[C@@H](N)Cc1ccc(O)cc1)C(=O)NCC(=O)N[C@@H](Cc1ccccc1)C(=O)N[C@@H](CC(C)C)C(=O)NCC(=O)N(c1ccccc1)C1CCN(CCc2ccccc2)CC1,0
Oc1ccccc1CNc1ccc2c(c1)[C@@]13CCCC[C@H]1[C@@H](C2)N(CC1CC1)CC3,0
CO[C@]12CC[C@@]3(C[C@@H]1[C@](C)(O)c1ccc(Cl)s1)[C@H]1Cc4ccc(O)c5c4[C@@]3(CCN1CC1CC1)[C@H]2O5,0
CCCC1(c2cccc(O)c2)CCN(C)CC1C,0
O=C1N[C@@H]2CCCC[C@H]2N1C1CCN(CCC(c2ccccc2)c2ccccc2)CC1,0
Cc1cc(O)cc(C)c1C[C@H](N)C(=O)N[C@H](CCCCN)C(=O)N[C@@H](Cc1ccccc1)C(=O)N[C@@H](Cc1ccccc1)C(=O)N[C@@H](CCCCN)C(=O)N[C@@H](CCCCN)C(=O)N1CCC[C@H]1C(=O)N[C@@H](Cc1ccccc1)C(=O)N[C@H](C(=O)N[C@@H](CC(C)C)C(=O)O)C(C)(C)C,0
CN(C)C1(CCCCC1)CNC(=O)C2=CC(=C(C=C2)Cl)Cl,0
C[C@H]1C2Cc3cc4cc[nH]c(=O)c4cc3[C@@]1(C)CCN2CC1CC1,0
COC(=O)[C@@H]1C[C@H](OC(=O)c2ccccc2)C(=O)[C@H]2[C@@]1(C)CC[C@H]1C(=O)O[C@H](c3ccoc3)C[C@]21C,0
COC(=O)[C@@H]1C[C@H](OC(=O)c2ccsc2)C(=O)[C@H]2[C@@]1(C)CC[C@H]1C(=O)O[C@H](c3ccoc3)C[C@]21C,0
O=C(CNC(=O)c1ccncc1)N[C@@H]1CC[C@@]2(O)[C@H]3Cc4ccc(O)c5c4[C@@]2(CCN3CC2CC2)[C@H]1O5,0
CC(CCCCCCC(C)C(=O)Oc1ccc2c(c1)[C@@]13CCCC[C@H]1[C@@H](C2)N(CC1CCC1)CC3)C(=O)Oc1ccc2c(c1)[C@@]13CCCC[C@H]1[C@@H](C2)N(CC1CCC1)CC3,0
CCC(=O)C(CCN(C)C)(c1ccccc1)c1ccccc1,0
O=c1[nH]c2cc(Cl)c(Cl)cc2n1C1CCN(Cc2ccc(Br)cc2)CC1,0
CCC(=O)N(c1ccccc1)[C@@]1(C(=O)OC)CCN(CCc2ccccc2)C[C@H]1C,0
CCCCCCC(=O)N[C@@]12Cc3c([nH]c4ccccc34)[C@@H]3Oc4c(O)ccc5c4[C@@]31CCN(C)C2C5,0
CO[C@]12CC[C@@]3(C[C@@H]1[C@](C)(O)c1cccc(C)c1)[C@H]1Cc4ccc(O)c5c4[C@@]3(CCN1CC1CC1)[C@H]2O5,0
CCn1c(=O)n([C@@H]2CCN3[C@H](c4ccccc4)CCC[C@@H]3C2)c2ccccc21,0
CO[C@]12C=C[C@@]3(C[C@@H]1[C@@](C)(O)CCc1ccccc1)[C@H]1Cc4ccc(O)c5c4[C@@]3(CCN1C)[C@H]2O5,0
CC(C)Oc1ccc(C(C)N2CCC(n3c(=O)[nH]c4ccccc43)CC2)cc1,0
CNc1nc2c(s1)C[C@H]1[C@H]3Cc4ccc(O)cc4[C@@]1(CCN3CC1CC1)C2,0
CCC1C(=O)N(C2CCN(Cc3cccc4[nH]ccc34)CC2)c2ccccc21,0
CC(c1ccc2c(c1)OCO2)N1CCC(n2c(=O)[nH]c3ccccc32)CC1,0
CCC(=O)N(Cc1cccs1)C1(C(=O)NCCc2cccc(F)c2)CCN(CCc2ccccc2)CC1,0
Oc1ccc2c(c1)[C@@]13CCCC[C@H]1[C@@H](C2)N(CC1CCC1)CC3,0
CSCC[C@@H](C(=O)O)NC(=O)[C@H](Cc1ccccc1)NC(=O)CNC(=O)CNC(=O)[C@H](Cc1ccc(cc1)O)N,0
CCC(=O)N(Cc1ccccc1)C1(C(=O)NCCc2cccc(F)c2)CCN(CCc2ccccc2)CC1,0
Oc1ccc2c(c1)[C@]13CCN(CC4CC4)[C@H](C2)[C@]1(O)CCc1cc2ccccc2nc1C3,0
Cc1cc(O)cc(C)c1C[C@H](N)[C@@H](O)C/C=C/[C@H](O)[C@@H](Cc1ccccc1)C(=O)OCCc1ccccc1,0
O=C(CCc1ccccn1)N[C@@]12CCC(=O)[C@@H]3Oc4c(O)ccc5c4[C@@]31CCN(CC1CC1)[C@@H]2C5,0
Oc1ccc2c3c1O[C@H]1c4ncc(-c5ccncc5)cc4C[C@@]4(OCCCc5ccccc5)[C@@H](C2)N(CC2CC2)CC[C@]314,0
O=c1[nH]c2ccc(Cl)cc2n1C1CCN(Cc2ccc(Br)cc2F)CC1,0
O=C1[C@H]2O[C@@]34CC[C@@]5(OCOc6c(O)ccc7c6[C@@]3(CCN(CC3CC3)[C@@H]4C7)[C@H]25)N1CCc1ccccc1,0
CCCC[C@H](NC(=O)[C@H](CC(=O)O)NC(=O)[C@H](Cc1ccccc1)NN[C@@H](Cc1ccccc1)C(=O)NCC(=O)N[C@H](C)C(=O)N[C@@H](Cc1ccc(O)cc1)C(=O)O)C(=O)N[C@H](Cc1cn(C(=O)OC23CC4CC(CC(C4)C2)C3)c2ccccc12)C(=O)O,0
NC(=O)c1ccc2c(c1O)[C@@]13CCCC[C@@]1(O)[C@@H](C2)N(CC1CC1)CC3,0
Oc1ccc2c3c1O[C@H]1c4ncc(-c5cccnc5)cc4C[C@@]4(OCCCc5ccccc5)[C@@H](C2)N(CC2CC2)CC[C@]314,0
O=C(CCCCCCC(=O)Oc1ccc2c(c1)[C@@]13CCCC[C@H]1[C@@H](C2)N(CC1CCC1)CC3)Oc1ccc2c(c1)[C@@]13CCCC[C@H]1[C@@H](C2)N(CC1CCC1)CC3,0
CCC(=O)N(Cc1cccnc1)C1(C(=O)NCCc2cccc(F)c2)CCN(CCc2ccccc2)CC1,0
CCC(=O)N(c1ccccc1)C1(C(=O)OC)CCN(CCC(=O)OC)CC1,0
O=C1C[C@]23CCN(CC4CC4)[C@H](Cc4ccc(O)cc42)[C@]3(O)CC/C1=C/c1ccccc1,0
CC1(C(C1(C)C)C(=O)N(C2CCN(CC2)CCC3=CC=CC=C3)C4=CC=CC=C4)C,0
CC(C)C[C@H](NC(=O)[C@@H]1CCCN1C(=O)[C@H](Cc1ccccc1)NC(=O)CNC(=O)[C@@H](C)NC(=O)[C@@H](N)Cc1ccc(O)cc1)C(=O)N[C@@H](Cc1c[nH]c2ccccc12)C(=O)NCc1cc(C(F)(F)F)cc(C(F)(F)F)c1,0
C[C@@H](Cc1cscc1)NC(=O)NC[C@@H](N(C)C)Cc1ccc(cc1)O,0
O=C(/C=C/C=C/C(=O)Oc1ccc2c(c1)[C@@]13CCCCC1[C@@H](C2)N(CC1CCC1)CC3)Oc1ccc2c(c1)[C@@]13CCCCC1[C@@H](C2)N(CC1CCC1)CC3,0
CN(C)[C@@H]1CCCC[C@H]1N(C)C(=O)c1ccc(Cl)c(Cl)c1,0
COc1ccsc1CNCC[C@@]1(c2ccccn2)CCOC2(CCCC2)C1,0
CC(C)C[C@H](NC(=O)[C@H](Cc1ccccc1)NC(=O)CNC(=O)[C@@H](C)NC(=O)[C@@H](N)Cc1ccc(O)cc1)C(=O)N[C@@H](CCCNC(=N)N)C(=O)N[C@@H](CCC(=O)NCCCCCC(=O)N(c1ccccc1)C1CCN(CCc2ccccc2)CC1)C(=O)N[C@@H](Cc1c(F)c(F)c(F)c(F)c1F)C(N)=O,0
C[C@H]1C2Cc3ccc(C(=O)NCCCc4ccc5ccccc5c4)cc3[C@@]1(C)CCN2CC1CC1,0
C[C@H]1C2Cc3ccc(C(=O)NCCc4ccc(-c5cccnc5)cc4)cc3[C@@]1(C)CCN2CC1CC1,0
CN(C)Cc1ccccc1-c1cnc2c(c1)C[C@@]1(OCCCc3ccccc3)[C@H]3Cc4ccc(O)c5c4[C@@]1(CCN3CC1CC1)[C@H]2O5,0
C/C=C1\C[C@@]23Cc4c([nH]c5ccccc45)[C@@H]1[C@@]21CCN(C)C3Cc2ccc(OC)c(O)c21,0
Cc1ncc2c(n1)C1Oc3c(O)ccc4c3C13CCN(C)C(C4)C3(O)C2,0
Oc1nc2ccccc2n1[C@@H]1CCN2[C@H](c3ccccc3)CCC[C@@H]2C1,0
Nc1nc2cc3c(cc2s1)C[C@@H]1[C@@H]2CCCC[C@]32CCN1CC1CCC1,0
CN(C)[C@]1(c2ccccc2)CC[C@@H](NC(=O)NCCCc2ccccc2)CC1,0
O=C(CNC(=O)C(Cc1ccc(cc1)O)N)NCC(=O)NC(C(=O)NC(C(=O)O)CC(C)C)Cc1ccccc1,0
Oc1ccc2c3c1O[C@H]1[C@@H](O)C=C[C@H]4[C@@H](C2)NCC[C@]314,0
C[C@H]1c2c(c3c(n2Cc2ccccc2)[C@@H]2Oc4c(O)ccc5c4[C@@]24CCN(C)[C@H](C5)[C@]4(O)C3)CC2(O)[C@H]3Cc4ccc(O)c(O)c4[C@@]12CCN3C,0
CN(C)[C@H](Cc1ccccc1)c1ccccc1,0
Nc1nc2cc3c(cc2s1)C[C@@H]1[C@@H]2CCCC[C@]32CCN1CC1CC1,0
CCN[C@H]1C[C@H]2C[C@@](c3cccc(O)c3)(C1)[C@H](C)CN2CCCc1ccccc1,0
CCOc1ccc(CN2Cc3ccccc3C2)cc1CNC(=O)[C@@H](N)Cc1c(C)cc(O)cc1C,0
CC(c1ccc(Cl)cc1F)N1CCC(n2c(=O)[nH]c3ccccc32)CC1,0
C=CCC1CN(C)CCC1(OC(=O)CC)c1ccccc1,0
CN1CC[C@]23c4c5ccc(O)c4O[C@H]2CCC[C@H]3[C@H]1C5,0
Cc1cc(-c2cnc3c(c2)C[C@@]2(OCCCc4ccccc4)[C@H]4Cc5ccc(O)c6c5[C@@]2(CCN4CC2CC2)[C@H]3O6)ccn1,0
CCOC(=O)C1(CCc2ccccc2)CCN(Cc2ccc(NC(C)=O)cc2)CC1,0
O=c1[nH]c2cccc(Cl)c2n1C1CCN(Cc2ccccc2Cl)CC1,0
Oc1cccc(c1)CCN(CC1CCC1)CCc1ccccc1,0
CN1CC[C@]23c4c5ccc(O)c4O[C@H]2c2[nH]c4ccccc4c2C[C@@]3(NC(=O)Cc2ccccc2)C1C5,0
CCC(COC(=O)c1cc(OC)c(OC)c(OC)c1)(c1ccccc1)N(C)C,0
O=C(CCCCCCCCC(=O)Oc1ccc2c3c1O[C@H]1C(=O)CC[C@@]4(O)[C@@H](C2)N(CC2CC2)CC[C@]314)Oc1ccc2c(c1)[C@@]13CCCCC1[C@@H](C2)N(CC1CCC1)CC3,0
COC(=O)[C@@H]1C[C@H](OC(=O)c2ccc([N+](=O)[O-])cc2)C(=O)[C@H]2[C@@]1(C)CC[C@H]1C(=O)O[C@H](c3ccoc3)C[C@]21C,0
N#CC(CCN1CCC(C(=O)O)(c2ccccc2)CC1)(c1ccccc1)c1ccccc1,0
Oc1cccc(c1)CCN(CC1CC1)CCc1ccccc1,0
Oc1cccc(CNc2ccc3c(c2)[C@@]24CCCC[C@H]2[C@@H](C3)N(CC2CCC2)CC4)c1,0
CCC(=O)N(c1ccccc1)C1CCN(CC(O)c2ccccc2)CC1,0
CO[C@@]12CCC[C@@H]3Oc4c(O)ccc5c4[C@@]31CCN(C)[C@@H]2C5,0
O=c1[nH]c2cc(Cl)c(Cl)cc2n1C1CCN(Cc2ccc(Br)cc2F)CC1,0
Nc1nc2cc3c(cc2s1)C[C@@H]1[C@@H]2CCCC[C@]32CCN1CCCF,0
CN1CC[C@]23c4c5ccc(O)c4O[C@H]2CCC[C@@]3(OCc2ccccc2)[C@H]1C5,0
CC(C)=CC[C@@]12Cc3c([nH]c4ccccc34)[C@]3(C)Oc4c(O)ccc5c4[C@@]31CCN(C)C2C5,0
CNc1nc2c(s1)C[C@H]1[C@H]3Cc4ccc(OC)cc4[C@@]1(CCN3CC1CC1)C2,0
C=CCN1C[C@H](C)N(C[C@H]1C)[C@@H](c1cccc(c1)O)c1ccc(cc1)C(=O)N(CC)CC,0
Oc1ccc(cc1)C[C@@H](C(=O)N1CCC[C@H]1C(=O)N[C@H](C(=O)N[C@H](C(=O)N)Cc1ccccc1)Cc1c[nH]c2c1cccc2)N,0
CCC1(c2cccc(O)c2)CCCCN(C)C1,0
O=C(O[C@@]12CCC(=O)[C@@H]3Oc4c(O)ccc5c4[C@@]31CCN(CC1CC1)[C@@H]2C5)c1cnc2ccccc2c1,0
CCCC[C@@H](C(=O)N[C@H](Cc1cn(C(=O)OC(C)(C)C)c2ccccc12)C(=O)O)N(C)C(=O)[C@H](CC(=O)O)NC(=O)[C@H](Cc1ccccc1)NN[C@@H](Cc1ccccc1)C(=O)NCC(=O)N[C@H](C)C(=O)N[C@@H](Cc1ccc(O)cc1)C(=O)O,0
COc1cccc(CNc2ccc3c(c2)[C@@]24CCCC[C@H]2[C@@H](C3)N(CC2CC2)CC4)c1,0
O=C(Nc1ccccc1)Oc1ccc2c(c1)C13CCCCC1C(C2)N(CC1CC1)CC3,0
O=C(NCc1ccccc1)Oc1ccc2c(c1)C13CCCCC1C(C2)N(CC1CC1)CC3,0
Cc1cc(O)cc(C)c1C[C@H](N)[C@@H](O)C/C=C/[C@H](O)[C@@H](Cc1ccccc1)C(=O)O[C@@H](Cc1ccccc1)C(N)=O,0
CO[C@@]12CCCC[C@@]13CCN(CC1CCC1)[C@@H]2Cc1ccc(OC(=O)CCCCCCCCC(=O)OCc2ccccc2)cc13,0
CCOCCN1CC[C@]23Cc4nc5ccccc5cc4C[C@@]2(O)[C@H]1Cc1ccc(O)cc13,0
O=C(CCCCCCCCC(=O)Oc1ccc2c(c1)[C@@]13CCCCC1[C@@H](C2)N(CC1CCC1)CC3)Nc1ccc2c(c1)[C@@]13CCCCC1[C@@H](C2)N(CC1CCC1)CC3,0
CC(CC1=CC=CC=C1)N2CCC(CC2)N(C3=CC=CC=C3)C(=O)C,0
O=C(N[C@@H]1CC[C@@]2(O)[C@H]3Cc4ccc(O)c5c4[C@@]2(CCN3CC2CC2)[C@H]1O5)c1ccnnc1,0
CN(C(=O)Cc1ccc(Cl)c(Cl)c1)[C@H](CN1CCCC1)c1ccccc1,0
CCC(=O)N(c1ccccc1)C1CCN(CC(O)c2ccccc2)CC1C,0
CCCC(=O)N(C1CCN(CC1)CCC2=CC=CC=C2)C3=CC=C(C=C3)F,0
Cc1cc(F)ccc1-c1cnc2c(c1)C[C@@]1(OCCCc3ccccc3)[C@H]3Cc4ccc(O)c5c4[C@@]1(CCN3CC1CC1)[C@H]2O5,0
COc1ccc(C(C)N2CCC(n3c(=O)[nH]c4ccccc43)CC2)cc1,0
CO[C@]12CC[C@@]3(C[C@@H]1[C@](C)(O)c1ccc(C)s1)[C@H]1Cc4ccc(O)c5c4[C@@]3(CCN1CC1CC1)[C@H]2O5,0
CCC(=O)N(Cc1cccc(Cl)c1)C1(C(=O)NCCc2cccc(F)c2)CCN(CCc2ccccc2)CC1,0
Oc1ccc2c(c1)[C@]13CCN(CCF)[C@H](C2)[C@]1(O)Cc1cc2ccccc2nc1C3,0
O=C(CNC(=O)c1ccccn1)N[C@@]12CCC(=O)[C@@H]3Oc4c(O)ccc5c4[C@@]31CCN(CC1CC1)[C@@H]2C5,0
Cc1cc(O)cc(C)c1C[C@H](N)C(=O)N[C@H](CCCNC(=N)N)C(=O)N[C@H]1Cc2ccccc2CN(CCC(=O)N[C@@H](CCCNC(=N)N)C(=O)N[C@@H](CCCNC(=N)N)C(=O)N2CCC[C@H]2C(=O)N[C@@H](Cc2ccc(O)cc2)C(=O)N[C@H](C(=O)N[C@@H](CC(C)C)C(=O)O)C(C)(C)C)C1=O,0
N#Cc1cc(C(=O)N[C@@H]2CC[C@@]3(O)[C@H]4Cc5ccc(O)c6c5[C@@]3(CCN4CC3CC3)[C@H]2O6)ccn1,0
CCOC(=O)C1(c2ccccc2)CCN(CCC(C#N)(c2ccccc2)c2ccccc2)CC1,0
COc1ccc2c(c1O)[C@]13CCN(C)C(C2)[C@]12CCC(=O)[C@H]3/C(=C/c1ccccc1)C2,0
CN1CC[C@]23c4c5ccc(O)c4O[C@H]2c2[nH]c4ccccc4c2C[C@@]3(NC(=O)CCc2ccccc2)C1C5,0
CN1CC[C@]23c4c5ccc(O)c4O[C@H]2C(=O)CC[C@@]3(O)[C@H]1C5,0
CC(c1ccc2c(c1)OCCO2)N1CCC(n2c(=O)[nH]c3ccccc32)CC1,0
CO[C@]12CC[C@@]3(C[C@@H]1[C@](C)(O)c1cccc(Cl)c1)[C@H]1Cc4ccc(O)c5c4[C@@]3(CCN1CC1CC1)[C@H]2O5,0
CCOc1ccc(C(=O)N2Cc3ccccc3C2)cc1CNC(=O)[C@@H](N)Cc1c(C)cc(O)cc1C,0
Cc1cccc(C)c1-c1cnc2c(c1)C[C@@]1(OCCCc3ccccc3)[C@H]3Cc4ccc(O)c5c4[C@@]1(CCN3CC1CC1)[C@H]2O5,0
Cc1cc(C(=O)N[C@@H]2CC[C@@]3(O)[C@H]4Cc5ccc(O)c6c5[C@@]3(CCN4CC3CC3)[C@H]2O6)ccn1,0
O=C(CCC(=O)Oc1ccc2c(c1)[C@@]13CCCC[C@H]1[C@@H](C2)N(CC1CCC1)CC3)Oc1ccc2c(c1)[C@@]13CCCC[C@H]1[C@@H](C2)N(CC1CCC1)CC3,0
CO[C@]12CC[C@@]3(C[C@@H]1[C@](C)(O)c1ccc(Cl)cc1)[C@H]1Cc4ccc(O)c5c4[C@@]3(CCN1CC1CC1)[C@H]2O5,0
CN(C)C(=O)C(CCN1CCC(O)(c2ccc(Cl)cc2)CC1)(c1ccccc1)c1ccccc1,0
CN(C)[C@]1(c2ccccc2)CC[C@@H](NCCc2c[nH]c3ccccc23)CC1,0
C1CC(OC1)C(=O)N(C2CCN(CC2)CCC3=CC=CC=C3)C4=CC=CC=C4,0
COc1ccc2c(c1O)[C@]13CCN(C)C(C2)[C@]12CCC(=O)[C@H]3/C(=C(\C)c1ccccc1)C2,0
CN1CC[C@]23c4c5ccc(O)c4O[C@H]2c2[nH]c4ccccc4c2C[C@@]3(CCCc2ccccc2)C1C5,0
CCOC(=O)C1(c2ccccc2)CCN(CCc2ccc(N)cc2)CC1,0
Oc1ccc2c3c1O[C@H]1c4ncc(-c5cncnc5)cc4C[C@@]4(OCCCc5ccccc5)[C@@H](C2)N(CC2CC2)CC[C@]314,0
O=S1(=O)NCc2ccccc2N1C1CCN(Cc2ccc3ccccc3c2)CC1,0
C[C@H]1C2Cc3ccc(C(=O)NCCc4ccc(-c5ccccn5)cc4)cc3[C@@]1(C)CCN2CC1CC1,0
CN1CC[C@]23Cc4nc5ccccc5cc4C[C@@]2(O)[C@H]1Cc1ccc(O)cc13,0
O=C(CCCCCCCCC(=O)Oc1ccc2c(c1)[C@@]13CCCCC1[C@@H](C2)N(C[C@@H]1CCCO1)CC3)Oc1ccc2c(c1)[C@@]13CCCCC1[C@@H](C2)N(C[C@@H]1CCCO1)CC3,0
CCC1C(=O)N(C2CCN(C/C=C/c3ccccc3)CC2)c2ccccc21,0
CN1CC[C@]23c4c5ccc(O)c4O[C@H]2[C@@H](O)CC[C@H]3[C@H]1C5,0
O=C(N[C@@]12CCC(=O)[C@@H]3Oc4c(O)ccc5c4[C@@]31CCN(CC1CC1)[C@@H]2C5)c1ccc2ccccc2c1,0
CCC(=O)N(c1ccccc1)C1(C(=O)OC)CCN(CCc2ccccc2)CC1,0
COc1ccc2c(c1O)[C@]13CCN(C)C(C2)[C@@]12C/C(=C\c1ccccc1)[C@@H]3c1[nH]c3ccccc3c1C2,0
CO[C@@]12CC[C@@]3(C[C@@H]1[C@](C)(O)C(C)(C)C)[C@H]1Cc4ccc(O)c5c4[C@@]3(CCN1CC1CC1)[C@H]2O5,0
CCC(=O)N(c1ccccc1)C1(COC)CCN(CCc2cccs2)CC1,0
C1CN(CCC1N(C2=CC=CC=C2)C(=O)C3=COC=C3)CCC4=CC=CC=C4,0
c1c2c(cc3sc(NCCCCCCCCCCNc4nc5cc6c(cc5s4)C[C@@H]4[C@@H]5CCCC[C@]65CCN4CC4CC4)nc13)C[C@@H]1[C@@H]3CCCC[C@]23CCN1CC1CC1,0
COc1ccc2c3c1O[C@H]1[C@@H](O)CC[C@H]4[C@@H](C2)N(C)CC[C@]314,0
Oc1ccc2c(c1)[C@]1(CCc3ccccc3)CCN(CCc3ccccc3F)C[C@@H]1O2,0
CNC(=O)Oc1ccc2c(c1)C13CCCCC1C(C2)N(CC1CC1)CC3,0
CC(C=C(c1cccs1)c1cccs1)N(C)C,0
CO[C@]12CC[C@@]3(C[C@@H]1[C@](C)(O)c1ccccc1C)[C@H]1Cc4ccc(O)c5c4[C@@]3(CCN1CC1CC1)[C@H]2O5,0
O=c1[nH]c2c(Cl)c(Cl)cc(Cl)c2n1C1CCN(Cc2ccc(Br)cc2F)CC1,0
O=c1[nH]c2ccccc2n1C1CCN(Cc2ccc(Cl)c(Cl)c2)CC1,0
CCOC(=O)C1(c2ccccc2)CCC=CC1N(C)C,0
C1CC(C1)C(=O)N(C2CCN(CC2)CCC3=CC=CC=C3)C4=CC=CC=C4,0
CCCN[C@H]1C[C@H]2C[C@@](c3cccc(O)c3)(C1)[C@H](C)CN2CCCc1ccccc1,0
O=C(CCc1ccncc1)N[C@@H]1CC[C@@]2(O)[C@H]3Cc4ccc(O)c5c4[C@@]2(CCN3CC2CC2)[C@H]1O5,0
CC[C@](O)([C@H]1C[C@@]23C=C[C@]1(OC)[C@@H]1Oc4c(O)ccc5c4[C@@]12CCN(CC1CC1)[C@@H]3C5)C(C)(C)C,0
O=c1[nH]c2c(Cl)cccc2n1C1CCN(Cc2ccccc2Cl)CC1,0
Oc1ccc2c3c1O[C@H]1c4ncc(-c5ccccc5)cc4C[C@@]4(OCCCc5ccccn5)[C@@H](C2)N(CC2CC2)CC[C@]314,0
CCC1C(=O)N(C2CCN(CCCc3ccccc3)CC2)c2ccccc21,0
Cc1cc(O)cc(C)c1C[C@H](N)C(=O)N[C@H](CCCNC(=N)N)C(=O)N[C@H]1Cc2ccccc2CN(CCC(=O)N[C@@H](CCCCN)C(=O)N[C@@H](CCCCN)C(=O)N2CCC[C@H]2C(=O)N[C@@H](Cc2ccc(O)cc2)C(=O)N[C@H](C(=O)N[C@@H](CC(C)C)C(=O)O)C(C)(C)C)C1=O,0
Cc1cc(O)cc(C)c1C[C@H](N)C(=O)N[C@H](CCCNC(=N)N)C(=O)N[C@H]1Cc2ccccc2CN(CCC(=O)N[C@@H](CCCNC(=N)N)CC(=O)N[C@@H](CCCNC(=N)N)C(=O)N2CCC[C@H]2C(=O)N[C@@H](Cc2c(C)cc(O)cc2C)C(=O)N[C@H](C(=O)N[C@@H](CC(C)C)C(=O)O)C(C)(C)C)C1=O,0
CC[C@@]12CCN(CC3CC3)C(C(=O)c3ccc(Nc4ccccc4)cc31)[C@@H]2C,0
C[C@@H](NC(=O)[C@@H](N)Cc1ccc(O)cc1)C(=O)NCC(=O)N[C@@H](Cc1ccccc1)C(=O)NNC(=O)CCC(=O)N(c1ccccc1)C1CCN(CCc2ccccc2)CC1,0
CCC(=O)N(c1ccccc1)C1CCN(Cc2ccccc2)CC1,0
CC(C)[C@H](NC(=O)[C@H](CC(=O)O)NC(=O)[C@H](Cc1ccccc1)NC(=O)[C@@H](C)NC(=O)[C@@H](N)Cc1ccc(O)cc1)C(=O)N[C@H](C(=O)NCC(N)=O)C(C)C,0
O=C(O)CCCCCCCCC(=O)Oc1ccc2c(c1)[C@@]13CCCCC1[C@@H](C2)N(CC1CCC1)CC3,0
CC1(N2CCC(n3c(-c4cccc(S(C)(=O)=O)c4)nc4ccccc43)CC2)CCCCCCC1,0
CO[C@]12C=CC3(CC14CCC[C@H]4O)C1Cc4ccc(O)c5c4C3(CCN1CC1CC1)[C@@H]2O5,0
COCCN(C(=O)c1ccc(Cl)c(Cl)c1)C1c2ccccc2C=CC1N1CCN(c2ccccc2)CC1,0
CC(C)C[C@H](NC(=O)[C@@H]1CCCN1C(=O)CNC(=O)[C@H](Cc1ccccc1)NC(=O)CNC(=O)[C@@H](C)NC(=O)[C@@H](N)Cc1ccc(O)cc1)C(=O)N[C@@H](Cc1c[nH]c2ccccc12)C(=O)OCc1cc(C(F)(F)F)cc(C(F)(F)F)c1,0
CC(C)C(=O)N(C1CCN(CC1)CCC2=CC=CC=C2)C3=CC=C(C=C3)F,0
Cc1cc(O)cc(C)c1C[C@H](N)C(=O)N1Cc2ccccc2C[C@H]1C(=O)NCCC(=O)Oc1ccc2c(c1)[C@@]13CCCC[C@H]1[C@@H](C2)N(CC1CCC1)CC3,0
CCC(=O)N(c1ccccc1)C1CCN(C(=O)[C@H](Cc2ccccc2)NC(=O)[C@H](Cc2ccccc2)NC(=O)CNC(=O)[C@@H](C)NC(=O)[C@@H](N)Cc2c(C)cc(O)cc2C)CC1,0
CN1CC[C@@]23c4c5ccc(O)c4OCO[C@]46CC[C@@]2(O[C@H](C(=O)N4Cc2ccccc2)[C@H]63)[C@H]1C5,0
CC1C2Cc3ccc(C(N)=O)cc3C1(C)CCN2CCc1ccccc1,0
C[C@@H](NC(=O)[C@@H](N)Cc1ccc(O)cc1)C(=O)NCC(=O)N[C@@H](Cc1ccccc1)C(N)=O,0
CCN1C(=O)N(C2CCN(Cc3ccccc3)CC2)[C@@H]2CCCC[C@H]21,0
Oc1ccc2c(c1)[C@]1(CCCc3ccccc3)CCN(CCc3ccccc3F)C[C@@H]1O2,0
Cc1cc(O)cc(C)c1C[C@H](N)C(=O)N1Cc2ccccc2C[C@H]1CNC(=O)c1ccccc1,0
CC[C@H](C)[C@H](NC(=O)[C@H](C)NC(=O)[C@H](CC(N)=O)NC(=O)[C@H](CCCCN)NC(=O)[C@H](Cc1ccccc1)NC(=O)[C@H](CC(C)C)NC(=O)[C@@H](NC(=O)[C@@H](NC(=O)[C@H](CC(C)C)NC(=O)[C@@H]1CCCN1C(=O)[C@@H](NC(=O)[C@H](CCC(N)=O)NC(=O)[C@H](CO)NC(=O)[C@H](CCCCN)NC(=O)[C@H](CCC(=O)O)NC(=O)[C@H](CO)NC(=O)[C@@H](NC(=O)[C@H](CCSC)NC(=O)[C@H](Cc1ccccc1)NC(=O)CNC(=O)CNC(=O)[C@@H](N)Cc1ccc(O)cc1)[C@@H](C)O)[C@@H](C)O)C(C)C)[C@@H](C)O)C(=O)N[C@H](C(=O)N[C@@H](CCCCN)C(=O)N[C@@H](CC(N)=O)C(=O)N[C@@H](C)C(=O)N[C@@H](Cc1ccc(O)cc1)C(=O)N[C@@H](CCCCN)C(=O)N[C@@H](CCCCN)C(=O)NCC(=O)N[C@@H](CCC(=O)O)C(=O)O)[C@@H](C)CC,0
CC(=O)Nc1ccc(CN2CCC(n3c(=O)[nH]c4ccccc43)CC2)cc1,0
C[C@@H]1CN(CCCc2ccccc2)[C@H]2C[C@H](NCC3CC3)C[C@]1(c1cccc(O)c1)C2,0
Oc1ccc2c3c1O[C@H]1c4ncc(-c5ccccc5)cc4C[C@@]4(OCCCc5ccccc5)[C@@H](C2)N(CC2CC2)CC[C@]314,0
CC[C@@H](c1cccc(O)c1)[C@@H](C)CN(C)C,0
CNC(=O)Oc1ccc2c(c1)C13CCCCC1C(C2)N(CC1CCC1)CC3,0
COc1ccc2c3c1O[C@H]1C(=O)CC[C@@]4(NC(=O)Cc5ccc(Cl)cc5)[C@@H](C2)N(CC2CC2)CC[C@]314,0
CNC(=O)Oc1ccc2c(c1)C13CCCCC1C(C2)N(C)CC3,0
CC(c1ccc(OC(F)(F)F)cc1)N1CCC(n2c(=O)[nH]c3ccccc32)CC1,0
NC(=O)Nc1ccc2c(c1)[C@@]13CCCC[C@H]1[C@@H](C2)N(CC1CC1)CC3,0
C[C@H]1[C@H]2Cc3ccc(Nc4ccccc4)cc3[C@@]1(C)CCN2CC1CC1,0
COC(=O)[C@@H]1C[C@H](OC(=O)c2cc3ccccc3o2)C(=O)[C@H]2[C@@]1(C)CC[C@H]1C(=O)O[C@H](c3ccoc3)C[C@]21C,0
C=C1[C@H]2CCC[C@@]1(c1cccc(O)c1)CCN2CCc1ccccc1,0
CN1CC[C@]23c4c5ccc(O)c4O[C@H]2c2[nH]c4ccccc4c2C[C@@]3(NCCc2ccccc2)C1C5,0
O=c1[nH]c2ccccc2n1C1CCN(Cc2cccc(OC(F)(F)F)c2)CC1,0
CCNc1nc2cc3c(cc2s1)C[C@@H]1[C@@H]2CCCC[C@]32CCN1CCCF,0
CCC(=O)N(c1ccccc1F)C1(c2ccccc2)CCN(CCn2nnn(CC)c2=O)CC1,0
Cc1cc(O)cc(C)c1C[C@H](N)C(=O)N[C@H](CCCNC(=N)N)C(=O)N[C@H]1Cc2ccccc2CN(CCC(=O)N[C@@H](CCCNC(=N)N)C(=O)N[C@@H](CCCNC(=N)N)C(=O)N2CCC[C@H]2C(=O)N[C@@H](Cc2cccc(O)c2)C(=O)N[C@H](C(=O)N[C@@H](CC(C)C)C(=O)O)C(C)(C)C)C1=O,0
COCC(=O)N(c1ccccc1F)C1CCN(CCc2ccccc2)CC1,0
CC1=CC(=CC(=C1CC(C(=O)NC(C(C)C)C(=O)NC(C(C)C)C(=O)NC(CC2=CC=CC=C2)C(=O)N)N)C)O,0
CC(CCCCCCC(C)C(=O)Oc1ccc2c(c1)[C@@]13CCCC[C@H]1[C@@H](C2)N(CC1CCC1)CC3)C(=O)O,0
C1CCC(CC1)N2CCN(CC2)C(CC3=CC=CC=C3)C4=CC=CC=C4,0
CN1CC[C@]23c4c5ccc(O)c4O[C@H]2c2ncc(-c4ccc(Cl)cc4)cc2C[C@@]3(OC/C=C/c2ccccc2)[C@H]1C5,0
CO[C@@]12CCC(=O)[C@@H]3Oc4c(O)ccc5c4[C@@]31CCN(C)[C@@H]2C5,0
C[C@H]1[C@@H]2Cc3ccc(O)cc3[C@]1(C)CCN2C,0
COc1ccc(-c2ccc(CCNC(=O)c3ccc4c(c3)C3(C)CCN(CC5CC5)C(C4)C3C)cc2)cc1C,0
Cc1cc(O)cc(C)c1C[C@H](N)C(=O)N[C@H](C)C(=O)NCC(=O)N[C@@H](Cc1ccc(Cl)cc1)C(=O)N[C@H](CC(C)C)C(=O)N[C@@H](CCC(=O)NCCC(=O)N(c1ccccc1)C1CCN(CCc2ccccc2)CC1)C(=O)N[C@@H](CC(C)C)C(N)=O,0
O=c1[nH]c2ccccc2n1C1CCN(Cc2ccccc2Cl)CC1,0
C[C@@]1(c2ccccc2O)O[C@@H]2N3[C@H](CO[C@H]31)O[C@]2(C)c1ccccc1O,0
CCCCCC(=O)CCC1(C)[C@@H]2Cc3ccc(O)cc3[C@@]1(C)CCN2C,0
Cc1cc(=O)oc2ccc(N3C(=O)C4=C(SC[C@@H](NC(=O)[C@@H](N)Cc5ccc(O)cc5)C(=O)NCC(=O)N[C@@H](Cc5ccccc5)C(=O)NNC(=O)[C@H](Cc5ccccc5)NC(=O)CNC(=O)[C@H](NC(=O)[C@@H](N)Cc5ccc(O)cc5)CS4)C3=O)cc12,0
O=S1(=O)NCc2ccccc2N1C1CCN(C2CCC3CCCCC3C2)CC1,0
COC(=O)[C@@H]1C[C@H](NC(=O)c2ccccc2)C(=O)[C@H]2[C@@]1(C)CC[C@H]1C(=O)O[C@H](c3ccoc3)C[C@]21C,0
CCN[C@@]12Cc3c([nH]c4ccccc34)[C@@H]3Oc4c(O)ccc5c4[C@@]31CCN(C)C2C5,0
Oc1ccc2c(c1)[C@]1(CCCCc3ccccc3)CCN(CCc3ccccc3)C[C@@H]1O2,0
CO[C@@]12CCCC[C@@]13CCN(CC1CCC1)[C@@H]2Cc1ccc(O)cc13,0
O=c1[nH]c2cc(Cl)c(Cl)cc2n1C1CCN(Cc2ccc(Cl)cc2F)CC1,0
CN1CC[C@]23c4c5ccc(OC(=O)c6cccnc6)c4O[C@H]2[C@@H](OC(=O)c2cccnc2)C=C[C@H]3[C@H]1C5,0
CCOC(=O)C1(c2ccccc2)CCN(CCCNc2ccccc2)CC1,0
CCC(=O)N(c1ccccc1)C1CCN(CCc2cccs2)CC1,0
CC[C@@H]1CN2CC[C@]3(Nc4cccc(-c5ccccc5)c4C3=O)[C@@H]2C[C@@H]1/C(=C\OC)C(=O)OC,0
CC[C@]12CCN(C)C[C@H]1Oc1ccc(O)cc12,0
Oc1ccc2c3c1O[C@H]1c4c(c5c(n4Cc4ccccc4)[C@@H]4Oc6c(O)ccc7c6[C@@]46CCN(CC4CC4)[C@H](C7)[C@]6(O)C5)C[C@@]4(O)[C@@H](C2)N(CC2CC2)CC[C@]314,0
CC(=O)Oc1ccc2c3c1O[C@H]1[C@@H](OC(C)=O)C=C[C@H]4[C@@H](C2)N(C)CC[C@]314,0
O=C1C[C@]23CCN(CC4CC4)[C@H](Cc4ccc(O)cc42)[C@]3(O)C/C1=C/c1ccccc1,0
CO[C@]12CC[C@@]3(C[C@@H]1[C@](C)(O)c1ccc(C)cc1)[C@H]1Cc4ccc(O)c5c4[C@@]3(CCN1CC1CC1)[C@H]2O5,0
N#Cc1ccc2c(c1)[nH]c(=O)n2C1CCN(Cc2ccccc2Cl)CC1,0
CC(c1ccccc1Cl)N1CCC(n2c(O)nc3ccccc32)CC1,0
O=C1[C@H]2O[C@@]34CC[C@@]5(OCOc6c(O)ccc7c6[C@@]3(CCN(CC3CC3)[C@@H]4C7)[C@H]25)N1Cc1ccccc1,0
O=C1CC[C@@]2(NCCc3ccc(Cl)cc3)[C@H]3Cc4ccc(O)c5c4[C@@]2(CCN3CC2CC2)[C@H]1O5,0
O=C(CCCCCCCCC(=O)Oc1ccc2c(c1)[C@@]13CCCC[C@H]1[C@@H](C2)N(CC1CCC1)CC3)Oc1ccc2c(c1)[C@@]13CCCC[C@@]1(O)[C@@H](C2)N(CC1CCC1)CC3,0
COc1ccc2c(c1O)[C@]13CCN(C)C(C2)[C@@]12C/C(=C(/C)c1ccccc1)[C@@H]3c1[nH]c3ccccc3c1C2,0
C1CCC(CC1)N2CCN(CC2)C(CC3=CC=CC=C3)C4=CC=CC=C4F,0
COc1ccc(CN2CCC(n3c(=O)[nH]c4ccccc43)CC2)cc1,0
CCC(=O)C(c1ccccc1)(c1ccccc1)C(C)CN(C)C,0
CC1(N2CCC(n3c(-c4ccc5cc[nH]c5c4)nc4ccccc43)CC2)CCCCCCC1,0
CC1(N2CCC(n3c(-c4cccc(C(F)(F)F)c4)nc4ccccc43)CC2)CCCCCCC1,0
CN1CC[C@]23c4c5ccc(NCc6cccc(O)c6)c4O[C@H]2[C@@H](O)C=C[C@H]3[C@H]1C5,0
COc1ccc2c(c1)[nH]c(=O)n2C1CCN(Cc2ccccc2Cl)CC1,0
Oc1cccc(-c2cnc3c(c2)C[C@@]2(OCCCc4ccccc4)[C@H]4Cc5ccc(O)c6c5[C@@]2(CCN4CC2CC2)[C@H]3O6)c1,0
CC(C)C[C@@H](NC(=O)[C@H](Cc1ccccc1)NC(=O)CNC(=O)[C@@H](C)NC(=O)[C@@H](N)Cc1ccc(O)cc1)C(=O)N[C@@H](CCCNC(=N)N)C(=O)N[C@@H](CCCCNC(=O)NCCC(=O)N(c1ccccc1)C1CCN(CCc2ccccc2)CC1)C(=O)O,0
CC[C@H](C)[C@H](NC(=O)[C@H](CCCN=C(N)N)NC(=O)[C@H](CCCN=C(N)N)NC(=O)[C@H](CC(C)C)NC(=O)[C@H](Cc1ccccc1)NC(=O)CNC(=O)CNC(=O)[C@@H](N)Cc1ccc(O)cc1)C(=O)N[C@@H](CCCN=C(N)N)C(=O)N1CCC[C@H]1C(=O)N[C@@H](CCCCN)C(=O)O,0
CCC(=O)N(Cc1ccco1)C1(C(=O)NCCc2cccc(F)c2)CCN(CCc2ccccc2)CC1,0
Cc1cc(O)cc(C)c1C[C@H](N)C(=O)N1Cc2ccccc2C[C@H]1CNC(=O)Nc1ccccc1,0
CN1CC[C@]23c4c5ccc(O)c4O[C@H]2C(=O)CC[C@H]3[C@H]1C5,0
COC(=O)[C@@H]1C[C@H](OC(=O)c2cccc(OC)c2)C(=O)[C@H]2[C@@]1(C)CC[C@H]1C(=O)O[C@H](c3ccoc3)C[C@]21C,0
Oc1ccc2c(c1)[C@]1(CCCCCc3ccccc3)CCN(CCc3ccccc3)C[C@@H]1O2,0
Oc1ccc2c3c1O[C@H]1[C@@H](O)CC[C@@]4(O)[C@@H](C2)N(CC2CCC2)CC[C@]314,0
C[C@H]1C2C(=O)c3ccc(N)cc3[C@@]1(C)CCN2CC1CC1,0
Cc1cc(O)cc(C)c1C[C@H](N)C(=O)N[C@H](C)C(=O)NCC(=O)N[C@@H](Cc1ccc(Cl)cc1)C(=O)N[C@@H](CC(C)C)C(=O)N[C@@H](CCCNC(=N)N)C(=O)N[C@H](CCCNC(=N)N)C(=O)N[C@@H](CCC(N)=O)C(=O)N[C@@H](Cc1ccccc1)C(=O)N[C@@H](CCCCNC(=O)NCCC(=O)N(c1ccccc1)C1CCN(CCc2ccccc2)CC1)C(=O)O,0
COc1ccc2c(c1)[C@]13CCN(CC4CC4)[C@H](C2)[C@@H]1Cc1sc(N)nc1C3,0
Oc1ccc2c3c1O[C@H]1c4ncc(-c5ccccc5)cc4C[C@@]4(OCCCc5ccc(F)cc5)[C@@H](C2)N(CC2CC2)CC[C@]314,0
CN(C(=O)/C=C/c1ccoc1)[C@@H]1CC[C@@]2(O)[C@H]3Cc4ccc(O)c5c4[C@@]2(CCN3CC2CC2)[C@H]1O5,0
C[C@H]1C2Cc3ccc(C(=O)NCCc4cccc(Br)c4)cc3[C@@]1(C)CCN2CC1CC1,0
Oc1ccc2c3c1O[C@H]1c4ncc(-c5ccccc5C5CC5)cc4C[C@@]4(OCCCc5ccccc5)[C@@H](C2)N(CC2CC2)CC[C@]314,0
CCC(=O)C1(c2cccc(O)c2)CCN(C)CC1,0
Oc1ccc2c3c1O[C@H]1c4ncc(-c5ccccn5)cc4C[C@@]4(OCCCc5ccccc5)[C@@H](C2)N(CC2CC2)CC[C@]314,0
Oc1ccc2c3c1O[C@H]1c4ncc(-c5ccccc5)cc4C[C@@]4(OCCCC5CCOCC5)[C@@H](C2)N(CC2CC2)CC[C@]314,0
CC(C)[C@H](NC(=O)[C@H](CCC(=O)O)NC(=O)[C@H](Cc1ccccc1)NC(=O)[C@@H](C)NC(=O)[C@@H](N)Cc1ccc(O)cc1)C(=O)N[C@H](C(=O)NCC(N)=O)C(C)C,0
C[C@H]1C2Cc3ccc(O)cc3[C@@]1(C)CCN2CCc1ccccc1,0
COc1ccc(-c2ccc(CCNC(=O)c3ccc4c(c3)[C@@]3(C)CCN(CC5CC5)C(C4)[C@@H]3C)cc2)cc1,0
O=c1[nH]c2ccccc2n1C1CCN(Cc2ccc(Br)cc2F)CC1,0
CCOc1ccc(Cc2nc3cc([N+](=O)[O-])ccc3n2CCN(CC)CC)cc1,0
C=CCN1CC[C@]23c4c5ccc(OC(=O)CCCCCCCCC(=O)Oc6ccc7c(c6)[C@@]68CCCCC6[C@@H](C7)N(CC6CCC6)CC8)c4O[C@H]2C(=O)CC[C@@]3(O)[C@H]1C5,0
O=C1/C(=C/c2ccccc2)C[C@@]2(O)[C@H]3Cc4ccc(O)c5c4[C@@]2(CCN3CCc2ccccc2)[C@H]1O5,0
NC(=O)[C@H](Cc1ccccc1)NC(=O)CN1Cc2ccccc2C[C@]2(CCCN2C(=O)[C@@H](N)Cc2ccc(O)cc2)C1=O,0
CCCCN1Cc2ccccc2N(C2CCN(C3CCC(C(C)C)CC3)CC2)S1(=O)=O,0
COc1ccc(-c2cnc3c(c2)C[C@@]2(OCCCc4ccccc4)[C@H]4Cc5ccc(O)c6c5[C@@]2(CCN4CC2CC2)[C@H]3O6)cc1,0
CC[C@H](C)[C@H](NC(=O)[C@H](CCCN=C(N)N)NC(=O)[C@H](CCCN=C(N)N)NC(=O)[C@H](CC(C)C)NC(=O)[C@H](Cc1ccccc1)NC(=O)CNC(=O)CNC(=O)[C@@H](N)Cc1ccc(O)cc1)C(=O)O,0
C[C@H](CN1CCOCC1)C(C(=O)N1CCCC1)(c1ccccc1)c1ccccc1,0
CC(C)CCC(C)N1CCC(N2c3ccccc3CNS2(=O)=O)CC1,0
Oc1ccc2c(c1)[C@]1(CCc3ccccc3)CCN(CCc3ccc(C(F)(F)F)cc3)C[C@@H]1O2,0
COc1cccc(CN2CCC(n3c(=O)[nH]c4ccccc43)CC2)c1,0
CC1(N2CCC(n3c(-c4cccc(CN)c4)nc4ccccc43)CC2)CCCCCCC1,0
C[C@H]1C2Cc3cc4nc[nH]c4cc3[C@@]1(C)CCN2CC1CC1,0
CCC(=O)O[C@](Cc1ccccc1)(c1ccccc1)[C@H](C)CN(C)C,0
CCCC(=O)N(c1ccccc1)C1CCN(CCc2ccccc2)CC1,0
CCOc1ccc(CN2CCc3ccccc3C2)cc1CNC(=O)[C@@H](N)Cc1c(C)cc(O)cc1C,0
CN(C)c1cccc2c(S(=O)(=O)NCCN3C(=O)C4=C(SC[C@@H](NC(=O)[C@@H](N)Cc5ccc(O)cc5)C(=O)NCC(=O)N[C@@H](Cc5ccccc5)C(=O)NNC(=O)[C@H](Cc5ccccc5)NC(=O)CNC(=O)[C@H](NC(=O)[C@@H](N)Cc5ccc(O)cc5)CS4)C3=O)cccc12,0
O=C(N[C@@H]1CC[C@@]2(O)[C@H]3Cc4ccc(O)c5c4[C@@]2(CCN3CC2CC2)[C@H]1O5)c1ccc(Br)cc1,0
Oc1ccc2c(c1)[C@]13CCN(CC4CC4)[C@H](C2)[C@@H]1Cc1c([nH]c2ccccc12)C3,0
O=c1[nH]c2c(Cl)cccc2n1C1CCN(Cc2ccc(Br)cc2F)CC1,0
CCC(=O)N(CCc1ccccc1)C1(C(=O)NCCc2cccc(F)c2)CCN(CCc2ccccc2)CC1,0
C[C@H]1C2Cc3ccc(C(=O)NCCc4ccccc4-c4ccccc4)cc3[C@@]1(C)CCN2CC1CC1,0
CN[C@]1(c2ccccc2)CC[C@]2(CC1)OCCc1c3cc(F)ccc3[nH]c12,0
CN1CCC23c4c5ccc(O)c4OC2c2nc(O)ncc2CC3(O)C1C5,0
NC(=O)[C@H]1CSCSC[C@H](NC(=O)[C@@H](N)Cc2ccc(O)cc2)C(=O)N[C@@H](Cc2ccccc2)C(=O)N[C@@H](Cc2ccc3ccccc3c2)C(=O)N1,0
CO[C@]12CC[C@@]3(C[C@@H]1[C@](C)(O)c1cc(C)cc(C)c1)[C@H]1Cc4ccc(O)c5c4[C@@]3(CCN1CC1CC1)[C@H]2O5,0
Cc1nocc1-c1cnc2c(c1)C[C@@]1(OCCCc3ccccc3)[C@H]3Cc4ccc(O)c5c4[C@@]1(CCN3CC1CC1)[C@H]2O5,0
CN1CC[C@]23c4c5ccc(C(N)=O)c4O[C@H]2C(=O)CC[C@H]3[C@H]1C5,0
CC(C)C[C@H](NC(=O)[C@@H]1CCCN1C(=O)[C@H](CC(C)C)NC(=O)[C@H](Cc1ccccc1)NC(=O)CNC(=O)[C@@H](C)NC(=O)[C@@H](N)Cc1ccc(O)cc1)C(=O)N[C@@H](Cc1c[nH]c2ccccc12)C(=O)OCc1cc(C(F)(F)F)cc(C(F)(F)F)c1,0
CCOC(=O)C1(c2ccccc2)CCCN(C)CC1,0
C1CCC(C1)C(=O)N(C2CCN(CC2)CCC3=CC=CC=C3)C4=CC=CC=C4,0
COc1ccc2c(c1)[C@]13CCN(CC4CC4)[C@H](C2)[C@@H]1Cc1c([nH]c2ccccc12)C3,0
CCCC[C@@H](C(=O)N[C@@H](CC(=O)O)C(=O)N[C@@H](Cc1ccccc1)C(N)=O)N(C)C(=O)[C@H](Cc1c[nH]c2ccccc12)NC(=O)CNC(=O)[C@@H](Cc1ccccc1)NC(=O)[C@H](Cc1ccc(O)cc1)NC(=O)[C@@H](N)CC(=O)O,0
CCNC(=O)c1ccc(/C(=C2/C[C@@H]3CC[C@H](C2)N3CCc2ccccc2)c2ccccc2)cc1,0
Oc1ccc2c3c1O[C@H]1c4ncc(-c5ccc(F)cc5F)cc4C[C@@]4(OCCCc5ccccc5)[C@@H](C2)N(CC2CC2)CC[C@]314,0
c1cc2c(cc1CNc1ccc3c(c1)[C@@]14CCCC[C@H]1[C@@H](C3)N(CC1CC1)CC4)OCO2,0
O=c1[nH]c2c(Cl)cc(Cl)cc2n1C1CCN(Cc2ccc(Br)cc2F)CC1,0
OCC1(N2CCC(n3c(N4CC5CNCC5C4)nc4ccccc43)CC2)CCCCCCC1,0
Nc1nc2c(s1)C[C@H]1[C@H]3Cc4ccc(O)cc4[C@@]1(CCN3CC1CC1)C2,0
O=C(CCCCCCCC(=O)Oc1ccc2c(c1)[C@@]13CCCC[C@H]1[C@@H](C2)N(CC1CCC1)CC3)Oc1ccc2c(c1)[C@@]13CCCC[C@H]1[C@@H](C2)N(CC1CCC1)CC3,0
COC(=O)[C@@H]1C[C@H](OC(=O)c2cccs2)C(=O)[C@H]2[C@@]1(C)CC[C@H]1C(=O)O[C@H](c3ccoc3)C[C@]21C,0
CC(C)C[C@@H](NC(=O)[C@H](Cc1ccccc1)NC(=O)CNC(=O)[C@H](C)NC(=O)[C@@H](N)Cc1ccc(O)cc1)C(=O)N[C@@H](CCCNC(=N)N)C(=O)N[C@@H](Cc1c[nH]c2ccccc12)C(=O)N[C@@H](CCCCNC(=O)NCCC(=O)N(c1ccccc1)C1CCN(CCc2ccccc2)CC1)C(=O)O,0
CCC(=O)N(c1ccccc1)C1(COC)CCN(CCc2ccccc2)CC1,0
CC(c1ccccc1)N1CCC(n2c(=O)[nH]c3ccccc32)CC1,0
COC(=O)CCCCCCCCC(=O)Oc1ccc2c(c1)[C@@]13CCCC[C@H]1[C@@H](C2)N(CC1CCC1)CC3,0
NCCCC[C@@H](C(=O)N[C@H](C(=O)N[C@H](C(=O)N[C@H](C(=O)O)[C@H](O)C)C(C)C)C(C)C)NC(=O)[C@@H](NC(=O)[C@@H](NC(=O)[C@@H](NC(=O)[C@@H](NC(=O)[C@@H](NC(=O)[C@H](Cc1ccccc1)NC(=O)CNC(=O)CNC(=O)[C@H](Cc1ccc(cc1)O)N)CC(C)C)CCCN=C(N)N)CCCN=C(N)N)CCC(=O)N)Cc1ccccc1,0
CC1CN(c2nc3ccccc3n2C2CCN(C3(CO)CCCCCCC3)CC2)CCN1,0
OCCN1CC[C@]23Cc4nc5ccccc5cc4C[C@@]2(O)[C@H]1Cc1ccc(O)cc13,0
Cc1cc(O)cc(C)c1C[C@H](N)[C@@H](O)C/C=C/[C@H](O)[C@@H](Cc1ccccc1)C(=O)O[C@H](CO)Cc1ccccc1,0
C[C@H]1[C@H]2CCC[C@]1(c1cccc(O)c1)CCN2CCc1ccccc1,0
CC(C)[C@H](NC(=O)[C@H](CCC(=O)NCC(=O)N(c1ccccc1)C1CCN(CCc2ccccc2)CC1)NC(=O)[C@H](Cc1ccccc1)NC(=O)[C@@H](C)NC(=O)[C@@H](N)Cc1ccc(O)cc1)C(=O)N[C@H](C(=O)NCC(N)=O)C(C)C,0
Oc1ccc2c(c1)[C@@]13CCCC[C@H]1[C@@H](C2)N(CC1CC1)CC3,0
CCC(=O)N(c1ccccc1)C1CCN(C(C)Cc2ccccc2)CC1,0
COC(=O)[C@@H]1C[C@H](OC(C)=O)C(=O)[C@H]2[C@@]1(C)CC[C@H]1C(=O)O[C@H](c3ccoc3)C[C@]21C,0
C[C@H]1C2Cc3ccc(C(=O)NCCc4ccc(-c5ccccc5)nc4)cc3[C@@]1(C)CCN2CC1CC1,0
CN1CC[C@]23c4c5ccc(O)c4O[C@@]2(C)C(=O)CC[C@H]3[C@H]1C5,0
Cc1cc(O)cc(C)c1C[C@H](N)C(=O)N[C@H](CCCNC(=N)N)C(=O)N[C@H]1Cc2ccccc2CN(CCC(=O)N[C@@H](CCCCN)CC(=O)N[C@@H](CCCCN)C(=O)N2CCC[C@H]2C(=O)N[C@@H](Cc2c(C)cc(O)cc2C)C(=O)N[C@H](C(=O)N[C@@H](CC(C)C)C(=O)O)C(C)(C)C)C1=O,0
C=CC(=O)N(C1CCN(CC1)CCC2=CC=CC=C2)C3=NN(C=C3)C4=CC=CC=C4,0
CCC(=O)OC1(c2ccccc2)CC(C)N(C)CC1C,0
CN1CC[C@]23CC(=O)CC[C@H]2[C@H]1Cc1ccc(C(N)=O)c(O)c13,0
O=C(NCc1ccccc1)Oc1ccc2c(c1)C13CCCCC1C(C2)N(CC1CCC1)CC3,0
CN1CC[C@]23CCCC[C@H]2[C@H]1Cc1ccc(NCc2cccc(O)c2)cc13,0
C1CCC(CC1)N2CCN(CC2)C(CC3=CC=CC=C3)C4=CC=C(C=C4)F,0
C[C@@H](NC(=O)[C@@H](N)Cc1ccc(O)cc1)C(=O)NCC(=O)N[C@@H](Cc1ccc(Cl)cc1)C(=O)N[C@@H](CCC(=O)NCCCCCC(=O)N(c1ccccc1)C1CCN(CCc2ccccc2)CC1)C(=O)N[C@@H](Cc1c(F)c(F)c(F)c(F)c1F)C(N)=O,0
CC[C@]12CCN(CCc3ccccc3)C[C@H]1Oc1ccc(O)cc12,0
CC(C)Oc1ccc(-c2ccc(CCNC(=O)c3ccc4c(c3)C3(C)CCN(CC5CC5)C(C4)C3C)cc2)cc1,0
COC(=O)[C@@H]1C[C@H](OC(=O)c2ccc(Br)cc2)C(=O)[C@H]2[C@@]1(C)CC[C@H]1C(=O)O[C@H](c3ccoc3)C[C@]21C,0
COc1ccc2c3c1O[C@H]1C(=O)CC[C@@]4(NCCc5ccc(Cl)cc5)[C@@H](C2)N(CC2CC2)CC[C@]314,0
Cc1cc(O)cc(C)c1C[C@H](N)C(=O)N[C@H](CCCNC(=N)N)C(=O)N[C@H]1Cc2ccccc2CN(CCC(=O)N[C@@H](CCCCN)C(=O)N[C@@H](CCCCN)C(=O)N2CCC[C@H]2C(=O)N[C@@H](Cc2cccc(O)c2)C(=O)N[C@H](C(=O)N[C@@H](CC(C)C)C(=O)O)C(C)(C)C)C1=O,0
NC(=O)[C@H](Cc1ccccc1)NC(=O)[C@H](Cc1ccccc1)NC(=O)[C@H]1CCCN1C(=O)[C@@H](N)Cc1ccccc1,0
CCC(=O)N(c1ccc(F)cc1)C1CCN(CCc2ccccc2)CC1,0
CO[C@@]12CCC3(C[C@H]1[C@@](C)(O)C(C)(C)C)[C@H]1Cc4ccc(O)c5c4C3(CCN1C)[C@H]2O5,0
COc1ccc2c3c1O[C@H]1C(=O)CC[C@H]4[C@@H](C2)N(C)CC[C@]314,0
O=C(N[C@@H]1CC[C@@]2(O)[C@H]3Cc4ccc(O)c5c4[C@@]2(CCN3CC2CC2)[C@H]1O5)c1ccnc(Cl)c1,0
Nc1nc2c(s1)C[C@H]1[C@H]3Cc4ccc(O)cc4[C@@]1(CCN3CC1CCC1)C2,0
Cc1cc(=O)oc2cc(NC(=O)CCN3C(=O)C4=C(SC[C@@H](NC(=O)[C@@H](N)Cc5ccc(O)cc5)C(=O)NCC(=O)N[C@@H](Cc5ccccc5)C(=O)NNC(=O)[C@H](Cc5ccccc5)NC(=O)CNC(=O)[C@H](NC(=O)[C@@H](N)Cc5ccc(O)cc5)CS4)C3=O)ccc12,0
Cn1cc(-c2cnc3c(c2)C[C@@]2(OCCCc4ccccc4)[C@H]4Cc5ccc(O)c6c5[C@@]2(CCN4CC2CC2)[C@H]3O6)cn1,0
O=C1CC[C@@]2(OCCCc3ccccc3)[C@H]3Cc4cccc(O)c4C2(CCN3CC2CC2)C1,0
CN(C)[C@]1(c2ccccc2)CC[C@]2(CC1)OCCc1c3cc(O)ccc3[nH]c12,0
CN1CC[C@]23c4c5ccc(O)c4O[C@H]2c2ncc(-c4ccc(Cl)cc4)cc2C[C@@]3(OC(=O)c2ccccc2)[C@H]1C5,0
CCC(=O)N(c1ccccc1)C1(C(=O)NCCc2cccc(F)c2)CCN(CCc2ccccc2)CC1,0
CN1CC[C@]23c4c5ccc(O)c4O[C@H]2[C@@H](O)C=C[C@H]3[C@H]1C5,0
CC(C)C[C@H](NC(=O)[C@H](Cc1ccccc1)NC(=O)CNC(=O)CNC(=O)[C@@H](N)Cc1ccc(O)cc1)C(=O)NCC(=O)N(c1ccccc1)C1CCN(CCc2ccccc2)CC1,0
CCC(=O)N(c1ccccc1)C1CCN(CC(O)c2cccs2)CC1,0
CCOc1ccc(CN2CCOCC2)cc1CNC(=O)[C@@H](N)Cc1c(C)cc(O)cc1C,0
CCC[C@](C)([C@H]1C[C@@]23CC[C@@]1([C@H]4[C@@]25CCN([C@@H]3CC6=C5C(=C(C=C6)O)O4)C)OC)O,0
COc1ccc2c3c1O[C@H]1C(=O)CC[C@@]4(O)[C@@H](C2)N(C)CC[C@]314,0
COc1ccc2c3c1O[C@H]1[C@@H](O)C=C[C@H]4[C@@H](C2)N(C)CC[C@]314,0
CN1CC[C@]23CCCC[C@H]2[C@H]1Cc1ccc(O)cc13,0
COCC(=O)N(C1=CC=CC=C1)C2(CCN(CC2)CCC3=CC=CS3)C(=O)OC,0
CN1CC[C@]23Cc4nc(N)sc4C[C@H]2[C@H]1Cc1ccc(O)cc13,0
Cc1cc(O)cc(C)c1C[C@H](N)C(=O)N[C@H](CCCNC(=N)N)C(=O)N[C@H]1Cc2ccccc2CN(CCC(=O)N[C@@H](CCCNC(=N)N)C(=O)N[C@@H](CCCNC(=N)N)C(=O)N2CCC[C@H]2C(=O)N[C@@H](Cc2c(C)cc(O)cc2C)C(=O)N[C@H](C(=O)N[C@@H](CC(C)C)C(=O)O)C(C)(C)C)C1=O,0
CNc1nc2cc3c(cc2s1)C[C@@H]1[C@@H]2CCCC[C@]32CCN1CC1CC1,0
CC[C@H](C)[C@H](NC(=O)[C@H](CCCN=C(N)N)NC(=O)[C@H](CCCN=C(N)N)NC(=O)[C@H](CC(C)C)NC(=O)[C@H](Cc1ccccc1)NC(=O)CNC(=O)CNC(=O)[C@@H](N)Cc1ccc(O)cc1)C(=O)N[C@@H](CCCN=C(N)N)C(=O)N1CCC[C@H]1C(=O)N[C@@H](CCCCN)C(=O)N[C@@H](CC(C)C)C(=O)N[C@@H](CCCCN)C(=O)O,0
C1CN(CCC1N(C2=CC=CC=C2)C(=O)C3=CC=CO3)CCC4=CC=CC=C4,0
COc1ccc2c(c1O)[C@]13CCN(C)C(C2)[C@@]12CC(=C(C)C)[C@@H]3c1[nH]c3ccccc3c1C2,0
C[C@H]1C2Cc3ccc(C(=O)NCCc4ccc(-c5ccc(Cl)cc5)cc4)cc3[C@@]1(C)CCN2CC1CC1,0
CO[C@]12CC[C@@]3(C[C@@H]1[C@](C)(O)c1ccc(C(C)C)cc1)[C@H]1Cc4ccc(O)c5c4[C@@]3(CCN1CC1CC1)[C@H]2O5,0
O=C(N[C@@]12CCC(=O)[C@@H]3Oc4c(O)ccc5c4[C@@]31CCN(CC1CC1)[C@@H]2C5)c1ccc2ccccc2n1,0
CCC(=O)N(c1ccccc1)C1CCN(C(=O)CCC(=O)NNC(=O)[C@H](Cc2ccccc2)NC(=O)CNC(=O)[C@@H](C)NC(=O)[C@@H](N)Cc2ccc(O)cc2)CC1,0
O=c1[nH]c2cc(Cl)c(Cl)cc2n1C1CCN(Cc2ccc(Cl)cc2)CC1,0
CCNC(=O)Oc1ccc2c(c1)C13CCCCC1C(C2)N(CC1CCC1)CC3,0
OCC1(N2CCC(n3c(-c4ccc(F)c(Cl)c4)nc4ccccc43)CC2)CCCCCCC1,0
COC(=O)[C@@H]1C[C@H](OC(=O)Nc2ccccc2)C(=O)[C@H]2[C@@]1(C)CC[C@H]1C(=O)O[C@H](c3ccoc3)C[C@]21C,0
CCOc1ccc(CN2CCCC2)cc1CNC(=O)[C@@H](N)Cc1c(C)cc(O)cc1C,0
CCCCC(=O)N(C1CCN(CC1)CCC2=CC=CC=C2)C3=CC=CC=C3,0
C[C@@H](NC(=O)[C@@H](N)Cc1ccc(O)cc1)C(=O)NCC(=O)N[C@@H](Cc1ccccc1)C(=O)NNC(=O)CCC(=O)NC1CCN(CCc2ccccc2)CC1,0
CC1CN(c2nc3ccccc3n2C2CCN(C3(C)CCCCCCC3)CC2)CC(C)N1,0
Oc1ccc2c3c1O[C@H]1c4ncc(-c5ccc(Br)cc5)cc4C[C@@]4(OCCCc5ccccc5)[C@@H](C2)N(CC2CC2)CC[C@]314,0
Oc1ccc(cc1)C[C@@H](C(=O)N1CCC[C@H]1C(=O)N[C@H](C(=O)N[C@H](C(=O)N)Cc1ccccc1)Cc1ccccc1)N,0
CCOCCCN1CC[C@]23Cc4nc5ccccc5cc4C[C@@]2(O)[C@H]1Cc1ccc(O)cc13,0
CCNc1nc2cc3c(cc2s1)C[C@@H]1[C@@H]2CCCC[C@]32CCN1CC1CC1,0
CC(=O)OC1(c2ccccc2)CCN(CCc2ccccc2)CC1,0
CC1C2Cc3ccc(C(=O)NCCc4ccc(-c5ccccc5O)cc4)cc3C1(C)CCN2CC1CC1,0
O=S1(=O)NCc2ccccc2N1C1CCN(CCC(c2ccccc2)c2ccccc2)CC1,0
CN1CC[C@]23c4c5ccc(O)c4O[C@H]2C(=O)/C(=C/c2ccccc2)C[C@@]3(O)[C@H]1C5,0
O=c1[nH]c2cc(F)ccc2n1C1CCN(Cc2ccccc2Cl)CC1,0
N[C@@H](Cc1ccc(O)cc1)C(=O)N[C@@H]1CSCc2ccccc2CSC[C@@H](NC(=O)[C@@H](N)Cc2ccc(O)cc2)C(=O)NCC(=O)N[C@@H](Cc2ccc(F)cc2)C(=O)NNC(=O)[C@H](Cc2ccc(F)cc2)NC(=O)CNC1=O,0
CC(C)C1CCC(N2CCC(N3c4ccccc4CN(CC#N)S3(=O)=O)CC2)CC1,0
CC(C)(C)C(=O)N(C1CCN(CC1)CCC2=CC=CC=C2)C3=CC=CC=C3,0
CC(c1ccc(F)cc1)N1CCC(n2c(=O)[nH]c3ccccc32)CC1,0
CO[C@]12CC[C@@]3(C[C@@H]1[C@](C)(O)c1ccc(F)cc1)[C@H]1Cc4ccc(O)c5c4[C@@]3(CCN1CC1CC1)[C@H]2O5,0
CCCC[C@@H](C(=O)N[C@@H](CC(=O)O)C(=O)N[C@@H](Cc1ccccc1)C(N)=O)N(C)C(=O)[C@H](Cc1c[nH]c2ccccc12)NC(=O)CNC(=O)CNC(=O)[C@@H](N)Cc1ccc(O)cc1,0
CCCCN[C@@]12Cc3c([nH]c4ccccc34)[C@@H]3Oc4c(O)ccc5c4[C@@]31CCN(C)C2C5,0
CO[C@@]12CCC(=O)[C@]3(C)Oc4c(O)ccc5c4[C@]13CCN(C)[C@@H]2C5,0
CCC1C(=O)N(C2CCN(C3CCc4ccccc4C3)CC2)c2ccccc21,0
CCC1C(=O)N(C2CCN(CCC(c3ccccc3)c3ccccc3)CC2)c2ccccc21,0
C[C@@H](NC(=O)[C@@H](N)Cc1ccc(O)cc1)C(=O)NCC(=O)N[C@@H](Cc1ccccc1)C(=O)NCC(=O)NCC(=O)N(c1ccccc1)C1CCN(CCc2ccccc2)CC1,0
CS(=O)(=O)c1ccc2c(c1)[nH]c(=O)n2C1CCN(Cc2ccccc2Cl)CC1,0
Oc1ccc(cc1)C[C@@H](C(=O)N[C@@H](C(=O)NCC(=O)N[C@H](C(=O)N[C@@H](C(=O)O)CC(C)C)Cc1ccccc1)C)N,0
CCCC[C@H](NC(=O)[C@H](CC(=O)O)NC(=O)[C@H](Cc1ccccc1)NN[C@@H](Cc1ccccc1)C(=O)NCC(=O)N[C@H](C)C(=O)N[C@@H](Cc1ccc(O)cc1)C(=O)O)C(=O)N[C@@H](Cc1cn(C(C)=O)c2ccccc12)C(=O)O,0
CC(C)C[C@H](NC(=O)[C@@H]1CCCN1C(=O)[C@H](Cc1ccccc1)NC(=O)CNC(=O)[C@@H](C)NC(=O)[C@@H](N)Cc1ccc(O)cc1)C(=O)N[C@@H](Cc1c[nH]c2ccccc12)C(=O)NCc1ccccc1,0
Nc1nc2cc3c(cc2s1)C[C@@H]1[C@@H]2CCCC[C@]32CCN1C[C@@H]1CCCO1,0
CCOc1ccc2c3c1O[C@H]1[C@@H](O)C=C[C@H]4[C@@H](C2)N(C)CC[C@]314,0
CC(C)C1CCC(N2CCC(N3c4ccccc4CN(CC(N)=O)S3(=O)=O)CC2)CC1,0
COc1ccccc1CNc1ccc2c3c1O[C@H]1[C@@H](O)C=C[C@H]4[C@@H](C2)N(C)CC[C@]314,0
Oc1ccc2c(c1)[C@]1(CCCCc3ccccc3)CCN(CCc3ccccc3F)C[C@@H]1O2,0
CC(C)C[C@H](NC(=O)[C@@H]1CCCN1C(=O)[C@H](Cc1ccccc1)NC(=O)CNC(=O)[C@@H](C)NC(=O)[C@@H](N)Cc1ccc(O)cc1)C(=O)N[C@@H](Cc1c[nH]c2ccccc12)C(=O)N(C)Cc1cc(C(F)(F)F)cc(C(F)(F)F)c1,0
CN(C(=O)Cc1ccc(Cl)c(Cl)c1)[C@@H]1CCCC[C@H]1N1CCCC1,0
CCCC[C@H](NC(=O)[C@H](CC(=O)O)NC(=O)[C@H](Cc1ccccc1)NN[C@@H](Cc1ccccc1)C(=O)NCC(=O)N[C@H](C)C(=O)N[C@@H](Cc1ccc(O)cc1)C(=O)O)C(=O)N[C@H](Cc1c[nH]c2ccccc12)C(=O)O,0
CCCC[C@@H](C(=O)N1CCC[C@H]1C(=O)N[C@@H](CC(C)C)C(=O)N[C@@H](Cc1c[nH]c2ccccc12)C(=O)OCc1cc(C(F)(F)F)cc(C(F)(F)F)c1)N(C)C(=O)[C@H](Cc1ccccc1)NC(=O)CNC(=O)[C@@H](C)NC(=O)[C@@H](N)Cc1ccc(O)cc1,0
CC(C)C[C@H](NC(=O)[C@H](Cc1ccccc1)NC(=O)CNC(=O)[C@@H](C)NC(=O)[C@@H](N)Cc1ccc(O)cc1)C(=O)N[C@@H](CCCNC(=N)N)C(=O)N[C@@H](CCCNC(=N)N)C(=O)N[C@H](Cc1ccccc1)C(=O)N[C@@H](CCCNC(=N)N)C(=O)N[C@@H](Cc1c[nH]c2ccccc12)C(=O)N[C@@H](CCCCNC(=O)NCCC(=O)N(c1ccccc1)C1CCN(CCc2ccccc2)CC1)C(=O)N[C@H](C(N)=O)C(C)C,0
CCC(=O)N(c1ccccc1)C1(COC)CCN(CCn2nnn(CC)c2=O)CC1,0
Cc1nnc(-c2cnc3c(c2)C[C@@]2(OCCCc4ccccc4)[C@H]4Cc5ccc(O)c6c5[C@@]2(CCN4CC2CC2)[C@H]3O6)o1,0
CO[C@]12CC[C@@]3(C[C@@H]1[C@](C)(O)c1cccc(F)c1)[C@H]1Cc4ccc(O)c5c4[C@@]3(CCN1CC1CC1)[C@H]2O5,0
O=c1[nH]c2cc(OC(F)(F)F)ccc2n1C1CCN(Cc2ccccc2Cl)CC1,0
O=c1[nH]c2ccccc2n1C1CCN(Cc2ccc(Cl)cc2)CC1,0
CN1CC[C@]23c4c5ccc(O)c4O[C@H]2[C@@]24CC[C@@]3(C[C@H]2C(C)(C)C(C)(C)O4)C1C5,0
CN[C@H]1C[C@H]2C[C@@](c3cccc(O)c3)(C1)[C@H](C)CN2CCCc1ccccc1,0
O=C(c1ccccc1)N(c1ccccc1)C1(C(=O)NCCc2cccc(F)c2)CCN(CCc2ccccc2)CC1,0
CC(=O)Oc1ccccc1C(=O)OC1=CC[C@H]2[C@H]3Cc4ccc(OC(=O)c5ccccc5OC(C)=O)c5c4[C@@]2(CCN3C)[C@H]1O5,0
CN(C)c1cccc(-c2cnc3c(c2)C[C@@]2(OCCCc4ccccc4)[C@H]4Cc5ccc(O)c6c5[C@@]2(CCN4CC2CC2)[C@H]3O6)c1,0
C1CCC(CC1)C(=O)N(C2CCN(CC2)CCC3=CC=CC=C3)C4=CC=CC=C4,0
C1CCC(CC1)N2CCN(CC2)C(CC3=CC=CC=C3)C4=CC(=CC=C4)F,0
C=CCN1CC[C@]23c4c5ccc(OC(=O)CCCCCCCCC(=O)Oc6ccc7c(c6)[C@@]68CCCC[C@@]6(OC)[C@@H](C7)N(CC6CCC6)CC8)c4O[C@H]2C(=O)CC[C@@]3(O)[C@H]1C5,0
CN1CC[C@]23c4c5ccc(O)c4O[C@H]2c2ncc(-c4ccc(Cl)cc4)cc2C[C@@]3(OCc2ccccc2)[C@H]1C5,0
O=C1[C@H]2O[C@@]34CC[C@@]5(OCOc6c(O)ccc7c6[C@@]3(CCN(CCc3ccccc3)[C@@H]4C7)[C@H]25)N1Cc1ccccc1,0
CCC(=O)N(Cc1cccs1)C1(C(=O)Nc2ccc(OC)cc2)CCN(CCc2ccccc2)CC1,0
C[C@@H]1CN(CCCc2ccccc2)[C@H]2C[C@H](N(C)C)C[C@]1(c1cccc(O)c1)C2,0
CO[C@@]12CCC[C@]3(C)Oc4c(O)ccc5c4[C@@]31CCN(C)[C@@H]2C5,0
CN1CC[C@]23c4c5ccc(O)c4O[C@H]2CCC[C@@]3(O)[C@H]1C5,0
CCn1nnn(CCN2CCC(N(C(=O)COC)c3ccccc3F)C(C)C2)c1=O,0
C=CCN1CC[C@]23c4c5ccc(OC(=O)CCCCCCCCC(=O)Oc6ccc7c(c6)[C@@]68CCCC[C@H]6C(C7)N(CC6CCC6)CC8)c4O[C@H]2CCC[C@H]3[C@H]1C5,0
CCC(c1ccc(Cl)cc1)N1CCC(n2c(=O)[nH]c3ccccc32)CC1,0
O=c1[nH]c2cc(Br)ccc2n1C1CCN(Cc2ccccc2Cl)CC1,0
CC(C)[C@H](NC(=O)[C@@H](NC(=O)C(C)(C)NC(=O)[C@H](Cc1ccccc1)NC(=O)[C@@H](C)NC(=O)[C@@H](N)Cc1ccc(O)cc1)C(C)C)C(=O)N[C@@H](CCC(=O)NCC(=O)N(c1ccccc1)C1CCN(CCc2ccccc2)CC1)C(N)=O,0
O=C1[C@H]2O[C@@]34CC[C@@]5(OCOc6c(O)ccc7c6[C@@]3(CCN(CC3CC3)[C@@H]4C7)[C@H]25)N1c1ccccc1,0
CCC(=O)N(c1ccccc1)C1CCN(C(=O)[C@H](Cc2ccccc2)NC(=O)[C@H](Cc2ccccc2)NC(=O)CNC(=O)[C@@H](C)NC(=O)[C@@H](N)Cc2ccc(O)cc2)CC1,0
Oc1ccc2c(c1)[C@]13CCN(CC4CC4)C[C@@]1(C2)Cc1c([nH]c2ccccc12)C3,0
CCN(C(=O)c1ccc(c(c1)O)C1=CC2(CCNCC2)Oc2c1cccc2)CC,0
CN1CC[C@]23c4c5ccc(O)c4O[C@@]2(C)c2[nH]c4ccccc4c2C[C@@]3(C/C=C/c2ccccc2)C1C5,0
C1CC1CN2CCC34C5C(=O)CCC3(C2CC6=C4C(=C(C=C6)O)O5)NC(=O)CC7=CC=CC=N7,0
O=C(N(C1=CC=CC=C1)C2CCN(CCC3=CC=CC=C3)CC2)C(C)=C,0
CCN(C)[C@H]1C[C@H]2C[C@@](c3cccc(O)c3)(C1)[C@H](C)CN2CCCc1ccccc1,0
Oc1ccc2c(c1)[C@]1(CCCc3ccccc3)CCN(CCc3ccccc3)C[C@@H]1O2,0
CCN1C(=O)N(C2CCN(C(C)CCC(C)C)CC2)[C@@H]2CCCC[C@H]21,0
Cc1ccccc1C(c1ccccc1C)N1C2CCC1CC(C2)(O)c1ccccc1,0
CC(C)C[C@H](NC(=O)[C@@H]1CCCN1C(=O)[C@H](Cc1ccccc1)NC(=O)CNC(=O)[C@@H](C)NC(=O)[C@@H](N)Cc1ccc(O)cc1)C(=O)N[C@@H](Cc1c[nH]c2ccccc12)C(=O)OCc1cc(C(F)(F)F)cc(C(F)(F)F)c1,0
COc1ccc2c(c1)[C@]13CCN(CC4CC4)[C@H](C2)[C@@H]1Cc1sc(NC(C)=O)nc1C3,0
CN1CC[C@]23c4c5ccc(O)c4O[C@H]2c2[nH]c4c(c2C[C@@]3(O)[C@H]1C5)C[C@@]1(O)[C@H]2Cc3ccc(O)c5c3[C@@]1(CCN2C)[C@H]4O5,0
CCC(=O)N(C1CCN(CC1)CCC2=CC=CC=C2)C3=CC=CC=C3F,0
CCCC[C@@H](C(=O)N[C@@H](CC(=O)O)C(=O)N[C@@H](Cc1ccccc1)C(N)=O)N(C)C(=O)[C@H](Cc1c[nH]c2ccccc12)NC(=O)CNC(=O)[C@H]1CCCN1C(=O)[C@@H](N)Cc1ccc(O)cc1,0
O=C(N[C@@H]1CC[C@@]2(O)[C@H]3Cc4ccc(O)c5c4[C@@]2(CCN3CC2CC2)[C@H]1O5)c1ccc(C(F)(F)F)cc1,0
O=c1[nH]c2ccccc2n1C1CCN(Cc2ccc(Br)cc2)CC1,0
CN1CCC23c4c5ccc(O)c4OC2c2n[nH]cc2CC3(O)C1C5,0
CC(C)C(=O)N(C1CCN(CC1)CCC2=CC=CC=C2)C3=CC=CC=C3,0
CC1C2Cc3ccc(C(=O)NCCc4ccc(-c5ccc6c(c5)OCO6)cc4)cc3C1(C)CCN2CC1CC1,0
CC(C)CC(=O)N(C1CCN(CC1)CCC2=CC=CC=C2)C3=CC=CC=C3,0
Cc1ccc(CN2CCC(n3c(=O)[nH]c4ccccc43)CC2)cc1,0
COc1ccc(CN(C(=O)[C@@H](N)Cc2c(C)cc(C(N)=O)cc2C)[C@@H](C)c2nc(-c3ccccc3)c[nH]2)cc1C(=O)O,0
CN1CC[C@]23c4c5ccc(O)c4O[C@H]2C(=O)CC[C@@]3(OCc2ccccc2)[C@H]1C5,0
CCC(=O)N(c1ccccc1)C1CCN(CCc2cccs2)CC1C,0
O=c1[nH]c2ccc(Cl)cc2n1C1CCN(Cc2ccccc2Cl)CC1,0
CC[C@](O)([C@H]1C[C@@]23CC[C@]1(OC)[C@@H]1Oc4c(O)ccc5c4[C@@]12CCN(CC1CC1)[C@@H]3C5)C(C)(C)C,0
CC[C@@]12CCN(CC3CC3)C(C(=O)c3ccc(N)cc31)[C@@H]2C,0
O=C(N[C@@H]1CC[C@@]2(O)[C@H]3Cc4ccc(O)c5c4[C@@]2(CCN3CC2CC2)[C@H]1O5)c1ccc(Cl)c(Cl)c1,0
CCC(=O)N(c1ccccc1)C1CCN(CCc2ccccc2)CC1C,0
C[C@H]1C2Cc3ccc(C(=O)NCCc4ccc(-c5ccccc5)cn4)cc3[C@@]1(C)CCN2CC1CC1,0
Oc1ccc2c(c1)[C@]13CCN(C[C@@H]4CCCO4)[C@H](C2)[C@]1(O)Cc1cc2ccccc2nc1C3,0
CCC(=O)N(c1ccccc1)C1CCN(C(=O)[C@H](Cc2ccccc2)NC(=O)CNC(=O)[C@@H](C)NC(=O)[C@@H](N)Cc2c(C)cc(O)cc2C)CC1,0
COc1ccc2c3c1O[C@H]1[C@@H](O)C=C[C@H]4[C@@H](C2)NCC[C@]314,0
Oc1ccc2c3c1O[C@H]1c4ncc(-c5cnccn5)cc4C[C@@]4(OCCCc5ccccc5)[C@@H](C2)N(CC2CC2)CC[C@]314,0
Oc1ccc2c(c1)[C@]1(CCCCCc3ccccc3)CCN(CCc3ccccc3F)C[C@@H]1O2,0
Oc1ccc2c(c1)[C@]13CCN(CC4CC4)[C@H](C2)[C@]1(O)CCc1c([nH]c2ccccc12)C3,0
CN1CC[C@]23c4cccc(O)c4O[C@H]2CCC[C@H]3C1,0
C=C1C[C@H](C)[C@H]2[C@H]3Cc4ccc(O)cc4[C@@]2(CCN3CC2CCC2)C1,0
O=c1[nH]c2ccccc2n1C1CCN(Cc2cccc(Cl)c2)CC1,0
CC[C@]12CCNC[C@H]1Oc1ccc(O)cc12,0
C[C@H]1[C@H]2Cc3ccc(C(=O)NCCc4ccc(-c5ccc(O)cc5)cc4)cc3[C@]1(C)CCN2CC1CC1,0
Cc1cc(O)cc(C)c1C[C@H](N)[C@@H](O)C/C=C/[C@H](O)[C@@H](Cc1ccccc1)C(=O)N[C@H](CO)Cc1ccccc1,0
CC[C@H](C)[C@H](NC(=O)[C@H](CCCN=C(N)N)NC(=O)[C@H](CCCN=C(N)N)NC(=O)[C@H](CC(C)C)NC(=O)[C@H](Cc1ccccc1)NC(=O)CNC(=O)CNC(=O)[C@@H](N)Cc1ccc(O)cc1)C(=O)N[C@@H](CCCN=C(N)N)C(=O)N1CCC[C@H]1C(=O)N[C@@H](CCCCN)C(=O)N[C@@H](CC(C)C)C(=O)N[C@@H](CCCCN)C(=O)N[C@@H](Cc1c[nH]c2ccccc12)C(=O)N[C@@H](CC(=O)O)C(=O)N[C@@H](CC(N)=O)C(=O)N[C@@H](CCC(N)=O)C(=O)O,0
CCCC[C@H](NC(=O)[C@H](CC(=O)O)NC(=O)[C@H](Cc1ccccc1)N(C)N[C@@H](Cc1ccccc1)C(=O)NCC(=O)N[C@H](C)C(=O)N[C@@H](Cc1ccc(O)cc1)C(=O)O)C(=O)N[C@@H](Cc1cn(C(C)=O)c2ccccc12)C(=O)O,0
Oc1ccc2c(c1)[C@]1(CCCCCc3ccccc3)CCN(CCc3ccc(F)cc3)C[C@@H]1O2,0
CO[C@@]12C=C[C@@]34[C@@]5([C@@H]1N[C@@H]([C@]2(C)C3)c1ccccc1)CCN([C@@H]4Cc1c5cc(O)cc1)C,0
COc1cccc(CNc2ccc3c(c2)[C@@]24CCCC[C@H]2[C@@H](C3)N(CC2CCC2)CC4)c1,0
CC(c1ccc(Cl)cc1)N1CCC(n2c(=O)[nH]c3ccccc32)CC1,0
CO[C@]12C=CC3(CC14CCC[C@H]4O)C1Cc4ccc(O)c5c4C3(CCN1C)[C@@H]2O5,0
Oc1ccc2c(c1)[C@]1(CCc3ccccc3)CCN(CCc3ccc(F)cc3)C[C@@H]1O2,0
CN(C)[C@]1(c2ccccc2)CC[C@]2(CC1)OCCc1c3ccccc3[nH]c12,0
CCOC(=O)C(CCN1CCOCC1)(c1ccccc1)c1ccccc1,0
O=C(N[C@@H]1CC[C@@]2(O)[C@H]3Cc4ccc(O)c5c4[C@@]2(CCN3CC2CC2)[C@H]1O5)c1ccc(I)cc1,0
O=C(N[C@@H]1CC[C@@]2(O)[C@H]3Cc4ccc(O)c5c4[C@@]2(CCN3CC2CC2)[C@H]1O5)c1ccc(Cl)cc1,0
CCOc1ccc(CN2CC3CC3C2)cc1CNC(=O)[C@@H](N)Cc1c(C)cc(O)cc1C,0
CSCC[C@H](NC(=O)[C@H](Cc1ccccc1)NC(=O)CNC(=O)[C@@H](C)NC(=O)[C@@H](N)Cc1ccc(O)cc1)C(=O)N1CCC[C@H]1C(=O)N[C@@H](CC(C)C)C(=O)N[C@@H](Cc1c[nH]c2ccccc12)C(=O)OCc1cc(C(F)(F)F)cc(C(F)(F)F)c1,0
O=c1[nH]c2cc(Cl)ccc2n1C1CCN(Cc2ccc(Br)cc2F)CC1,0
Oc1nc2ccccc2n1C1CCN(Cc2ccccc2)CC1,0
CCCC[C@H](NC(=O)[C@H](CC(=O)O)NC(=O)[C@H](Cc1ccccc1)NN[C@@H](Cc1ccccc1)C(=O)NCC(=O)N[C@H](C)C(=O)N[C@@H](Cc1ccc(O)cc1)C(=O)O)C(=O)N[C@H](Cc1cn(C(=O)OC2C3CC4CC(C3)CC2C4)c2ccccc12)C(=O)O,0
CN1CC[C@]23c4c5ccc(OC(=O)CCCCCCCCC(=O)Oc6ccc7c(c6)[C@@]68CCCCC6[C@@H](C7)N(CC6CCC6)CC8)c4O[C@H]2[C@@H](O)C=C[C@H]3[C@H]1C5,0
CN1CC[C@]23c4c5ccc(O)c4O[C@H]2c2[nH]c4ccccc4c2C[C@@]3(NCCCc2ccccc2)C1C5,0
COCCOCCOCCOCCOCCOCCO[C@H]1CCC2(O)[C@H]3Cc4ccc(OC)c5c4[C@@]2(CCN3C)[C@H]1O5,0
CN(C)[C@@H](c1cccc(O)c1)[C@H]1CCCC[C@H]1O,0
C[C@@H](NC(=O)[C@@H](N)Cc1ccc(O)cc1)C(=O)NCC(=O)N[C@@H](Cc1ccccc1)C(=O)NNC(=O)[C@H](Cc1ccccc1)NC(=O)CNC(=O)[C@@H](C)NC(=O)[C@@H](N)Cc1ccc(O)cc1,0
Cc1cnccc1C(=O)N[C@@H]1CC[C@@]2(O)[C@H]3Cc4ccc(O)c5c4[C@@]2(CCN3CC2CC2)[C@H]1O5,0
CC(c1ccc(Br)cc1F)N1CCC(n2c(=O)[nH]c3ccccc32)CC1,0
C[C@H]1C2Cc3ccc(C(=O)NCCc4ccc(-c5ccncc5)cc4)cc3[C@@]1(C)CCN2CC1CC1,0
Oc1ccc2c(c1)[C@@]13CCCC[C@@]1(O)[C@@H](C2)N(CC1CCC1)CC3,0
COc1ccc(-c2ccc(CCNC(=O)c3ccc4c(c3)C3(C)CCN(CC5CC5)C(C4)C3C)cc2)cc1OC,0
CC1(N2CCC(n3c(-c4cc5ccccc5o4)nc4ccccc43)CC2)CCCCCCC1,0
O=C(Nc1ccccc1)Oc1ccc2c(c1)C13CCCCC1C(C2)N(CC1CCC1)CC3,0
O=C(Cc1ccncc1)N[C@@H]1CC[C@@]2(O)[C@H]3Cc4ccc(O)c5c4[C@@]2(CCN3CC2CC2)[C@H]1O5,0
CCNC(=O)Oc1ccc2c(c1)C13CCCCC1C(C2)N(CC1CC1)CC3,0
CCCC[C@@H](C(=O)N[C@@H](Cc1cn(C(C)=O)c2ccccc12)C(=O)O)N(C(=O)Nc1ccccc1Cl)C(=O)[C@H](CC(=O)O)NC(=O)[C@H](Cc1ccccc1)N(C)N[C@@H](Cc1ccccc1)C(=O)NCC(=O)N[C@H](C)C(=O)N[C@@H](Cc1ccc(O)cc1)C(=O)O,0
CCC(=O)N(Cc1ccc(C)cc1)C1(C(=O)NCCc2cccc(F)c2)CCN(CCc2ccccc2)CC1,0
COC(=O)[C@@H]1C[C@H](OC(=O)c2cccnc2)C(=O)[C@H]2[C@@]1(C)CC[C@H]1C(=O)O[C@H](c3ccoc3)C[C@]21C,0
Cc1cc(O)cc(C)c1C[C@H](N)C(=O)N[C@H](CCCNC(=N)N)C(=O)N[C@H]1Cc2ccccc2CN(CCC(N)=O)C1=O,0
CO[C@]12CC[C@]3(C[C@@H]1[C@@](C(CC)(C)C)(O)C)[C@@]14[C@H]2Oc2c4c(C[C@H]3N(CC1)CC1CC1)ccc2O,0
COc1ccc(CNc2ccc3c(c2)[C@@]24CCCC[C@H]2[C@@H](C3)N(CC2CC2)CC4)cc1,0
CCOc1ccc(CN(C)Cc2ccccc2)cc1CNC(=O)[C@@H](N)Cc1c(C)cc(O)cc1C,0
Oc1cccc2c1O[C@H]1CCC[C@H]3CN(CCc4ccccc4)CC[C@]213,0
CC(=O)Nc1nc2c(s1)C[C@H]1[C@H]3Cc4ccc(O)cc4[C@@]1(CCN3CC1CC1)C2,0
Oc1ccc(CNc2ccc3c(c2)[C@@]24CCCC[C@H]2[C@@H](C3)N(CC2CC2)CC4)cc1,0
CC(C)(CCCCCCC(C)(C)C(=O)Oc1ccc2c(c1)[C@@]13CCCC[C@H]1[C@@H](C2)N(CC1CCC1)CC3)C(=O)Oc1ccc2c(c1)[C@@]13CCCC[C@H]1[C@@H](C2)N(CC1CCC1)CC3,0
C[C@@H]1CN(CCCc2ccccc2)[C@H]2C[C@H](N(C)CC3CC3)C[C@]1(c1cccc(O)c1)C2,0
O=C(N[C@@H]1CC[C@@]2(O)[C@H]3Cc4ccc(O)c5c4[C@@]2(CCN3CC2CC2)[C@H]1O5)c1ccncc1Cl,0
O=c1[nH]c2cc(Cl)ccc2n1C1CCN(Cc2ccccc2Cl)CC1,0
CN1CCC23c4c5ccc(O)c4OC2c2nc(N)ncc2CC3(O)C1C5,0
CCC(=O)N(Cc1ccco1)C1(C(=O)Nc2ccc(OC)cc2)CCN(CCc2ccccc2)CC1,0
COc1ccccc1-c1cnc2c(c1)C[C@@]1(OCCCc3ccccc3)[C@H]3Cc4ccc(O)c5c4[C@@]1(CCN3CC1CC1)[C@H]2O5,0
C=CC(=O)N(c1ccccc1)C1CCN(CCc2ccccc2)CC1,0
CC[C@@](O)(c1ccccc1)[C@H]1C[C@@]23CC[C@]1(OC)[C@@H]1Oc4c(O)ccc5c4[C@@]12CCN(CC1CC1)[C@@H]3C5,0
CCC(=O)N(C1CCN(CC1)CC(C)C2=CC=CC=C2)C3=CC=CC=C3,0
O=C(CCCCCCCCC(=O)Oc1ccc2c(c1)[C@@]13CCCCC1[C@@H](C2)N(CC1CCC1)CC3)Oc1ccccc1,0
COc1cccc2c1C13CCN(CC4CC4)[C@H](C2)[C@]1(OCCCc1ccccc1)CCC(=O)C3,0
C[C@@H](NC(=O)[C@@H](N)Cc1ccc(O)cc1)C(=O)NCC(=O)N[C@@H](Cc1ccccc1)C(=O)NC1CCN(CCc2ccccc2)CC1,0
CN1CCC23c4c5ccc(O)c4OC2c2nc(-c4ccccc4)ncc2CC3(O)C1C5,0
CC1(N2CCC(n3c(-c4cccc(OCCO)c4)nc4ccccc43)CC2)CCCCCCC1,0
CO[C@]12C=C[C@@]3(C[C@@H]1[C@H](O)c1ccccc1)[C@H]1Cc4ccc(O)c5c4[C@@]3(CCN1CC1CC1)[C@H]2O5,0
CCC1C(=O)N(C2CCN(C3CCCc4ccccc43)CC2)c2ccccc21,0
Cc1cc(O)cc(C)c1C[C@H](N)C(=O)N[C@H](CCCNC(=N)N)C(=O)N[C@H]1Cc2ccccc2CN(CCC(=O)N[C@@H](CCCCN)C(=O)N[C@@H](CCCCN)C(=O)N2CCC[C@H]2C(=O)N[C@@H](Cc2c(C)cc(O)cc2C)C(=O)N[C@H](C(=O)N[C@@H](CC(C)C)C(=O)O)C(C)(C)C)C1=O,0
COc1cc(C(=O)N[C@@H]2CC[C@@]3(O)[C@H]4Cc5ccc(O)c6c5[C@@]3(CCN4CC3CC3)[C@H]2O6)ccn1,0
Cc1ccccc1-c1cnc2c(c1)C[C@@]1(OCCCc3ccccc3)[C@H]3Cc4ccc(O)c5c4[C@@]1(CCN3CC1CC1)[C@H]2O5,0
CC(C)C[C@H](NC(=O)[C@@H]1CCCN1C(=O)[C@H](CC[S+](C)[O-])NC(=O)[C@H](Cc1ccccc1)NC(=O)CNC(=O)[C@@H](C)NC(=O)[C@@H](N)Cc1ccc(O)cc1)C(=O)N[C@@H](Cc1c[nH]c2ccccc12)C(=O)OCc1cc(C(F)(F)F)cc(C(F)(F)F)c1,0
Cc1cc(O)cc(C)c1C[C@H](N)C(=O)N1Cc2ccccc2C[C@H]1CNCc1ccccc1,0
O=C(CCCCCCCCC(=O)Nc1nc2cc3c(cc2s1)C[C@@H]1[C@@H]2CCCC[C@]32CCN1CC1CC1)Nc1nc2cc3c(cc2s1)C[C@@H]1[C@@H]2CCCC[C@]32CCN1CC1CC1,0
CCC(=O)N(c1ccccc1)C1(C(=O)Nc2ccc(OC)cc2)CCN(CCc2ccccc2)CC1,0
C[C@H]1C2Cc3ccc(C(=O)NCCc4cccc(-c5ccccc5)c4)cc3[C@@]1(C)CCN2CC1CC1,0
O=C(N[C@@H]1CC[C@@]2(O)[C@H]3Cc4ccc(O)c5c4[C@@]2(CCN3CC2CC2)[C@H]1O5)c1ccncn1,0
Oc1ccccc1CNc1ccc2c(c1)[C@@]13CCCC[C@H]1[C@@H](C2)N(CC1CCC1)CC3,0
O=C(Cc1ccc(Cl)cc1)N[C@@]12CCC(=O)[C@@H]3Oc4c(O)ccc5c4[C@@]31CCN(CC1CC1)[C@@H]2C5,0
O=C(CCCCCCCCC(=O)Oc1ccc2c(c1)[C@@]13CCCC[C@H]1[C@@H](C2)N(CC1CC1)CC3)Oc1ccc2c(c1)[C@@]13CCCC[C@H]1[C@@H](C2)N(CC1CC1)CC3,0
C[C@@]12CCCCC[C@@H](Cc3ccc(O)cc31)[C@@H]2N,0
CCC(=O)N(Cc1ccncc1)C1(C(=O)Nc2ccc(OC)cc2)CCN(CCc2ccccc2)CC1,0
COc1cccc2c1[C@]13CCN(CC4CC4)[C@H](C2)[C@]1(OC)CCC(=O)C3,0
Cc1cc(O)cc(C)c1C[C@H](N)C(=O)N[C@@H]1CSCc2ccccc2CSC[C@@H](NC(=O)[C@@H](N)Cc2c(C)cc(O)cc2C)C(=O)NCC(=O)N[C@@H](Cc2ccc(F)cc2)C(=O)NNC(=O)[C@H](Cc2ccc(F)cc2)NC(=O)CNC1=O,0
CN(C)[C@]1(c2ccccc2)CC[C@]2(CC1)NCCc1c3ccccc3[nH]c12,0
O=c1[nH]c2ccccc2n1C1CCN(C2(CO)CCCCCCC2)CC1,0
COc1cccc(-c2ccc(CCNC(=O)c3ccc4c(c3)C3(C)CCN(CC5CC5)C(C4)C3C)cc2)c1,0
CCN(C(=O)c1ccc(cc1)C(=C1CCNCC1)c1ccccc1)CC,0
CN(C)c1ccccc1-c1cnc2c(c1)C[C@@]1(OCCCc3ccccc3)[C@H]3Cc4ccc(O)c5c4[C@@]1(CCN3CC1CC1)[C@H]2O5,0
CCC(=O)N(c1ccccn1)C(C)CN1CCCCC1,0
